Voll,Demand_Segment,Cost_of_Demand_Curtailment_per_MW,Max_Demand_Curtailment,$/MWh,Rep_Periods,Timesteps_per_Rep_Period,Sub_Weights,Time_Index,Demand_MW_z1,Demand_MW_z2
50000,1,1,1,2000,11,168,673.8461538,1,8761,2502
,2,0.9,0.04,1800,,,1347.692308,2,8474,2420
,3,0.55,0.024,1100,,,505.3846154,3,8336,2380
,4,0.2,0.003,400,,,673.8461538,4,8275,2364
,,,,,,,2358.461538,5,8330,2379
,,,,,,,168.4615385,6,8557,2444
,,,,,,,1853.076923,7,8959,2559
,,,,,,,168.4615385,8,9399,2684
,,,,,,,673.8461538,9,9982,2850
,,,,,,,168.4615385,10,10341,2953
,,,,,,,168.4615385,11,10483,2994
,,,,,,,,12,10481,2993
,,,,,,,,13,10418,2975
,,,,,,,,14,10339,2953
,,,,,,,,15,10308,2944
,,,,,,,,16,10326,2949
,,,,,,,,17,10808,3086
,,,,,,,,18,11527,3292
,,,,,,,,19,11531,3293
,,,,,,,,20,11320,3233
,,,,,,,,21,10905,3115
,,,,,,,,22,10222,2920
,,,,,,,,23,9458,2701
,,,,,,,,24,8683,2479
,,,,,,,,25,8126,2321
,,,,,,,,26,7842,2239
,,,,,,,,27,7727,2207
,,,,,,,,28,7733,2209
,,,,,,,,29,7973,2277
,,,,,,,,30,8704,2485
,,,,,,,,31,10034,2865
,,,,,,,,32,10781,3079
,,,,,,,,33,10942,3126
,,,,,,,,34,11033,3151
,,,,,,,,35,11119,3176
,,,,,,,,36,11103,3170
,,,,,,,,37,10996,3140
,,,,,,,,38,10921,3119
,,,,,,,,39,10803,3085
,,,,,,,,40,10808,3086
,,,,,,,,41,11301,3227
,,,,,,,,42,12019,3432
,,,,,,,,43,11919,3404
,,,,,,,,44,11541,3296
,,,,,,,,45,10997,3140
,,,,,,,,46,10197,2912
,,,,,,,,47,9194,2625
,,,,,,,,48,8285,2366
,,,,,,,,49,7707,2201
,,,,,,,,50,7341,2097
,,,,,,,,51,7162,2045
,,,,,,,,52,7116,2032
,,,,,,,,53,7319,2090
,,,,,,,,54,7994,2283
,,,,,,,,55,9337,2666
,,,,,,,,56,10078,2878
,,,,,,,,57,10153,2900
,,,,,,,,58,10111,2888
,,,,,,,,59,10123,2891
,,,,,,,,60,10081,2879
,,,,,,,,61,9965,2846
,,,,,,,,62,9889,2825
,,,,,,,,63,9783,2794
,,,,,,,,64,9791,2796
,,,,,,,,65,10281,2936
,,,,,,,,66,11182,3194
,,,,,,,,67,11192,3196
,,,,,,,,68,10926,3120
,,,,,,,,69,10493,2997
,,,,,,,,70,9776,2792
,,,,,,,,71,8880,2536
,,,,,,,,72,8042,2297
,,,,,,,,73,7503,2143
,,,,,,,,74,7232,2065
,,,,,,,,75,7111,2031
,,,,,,,,76,7117,2033
,,,,,,,,77,7346,2098
,,,,,,,,78,8087,2309
,,,,,,,,79,9490,2710
,,,,,,,,80,10273,2934
,,,,,,,,81,10338,2952
,,,,,,,,82,10396,2969
,,,,,,,,83,10443,2982
,,,,,,,,84,10416,2975
,,,,,,,,85,10312,2945
,,,,,,,,86,10256,2929
,,,,,,,,87,10138,2895
,,,,,,,,88,10122,2891
,,,,,,,,89,10578,3021
,,,,,,,,90,11573,3306
,,,,,,,,91,11640,3325
,,,,,,,,92,11375,3249
,,,,,,,,93,10958,3130
,,,,,,,,94,10211,2916
,,,,,,,,95,9243,2639
,,,,,,,,96,8385,2394
,,,,,,,,97,7825,2235
,,,,,,,,98,7539,2153
,,,,,,,,99,7404,2114
,,,,,,,,100,7398,2113
,,,,,,,,101,7632,2180
,,,,,,,,102,8343,2383
,,,,,,,,103,9737,2780
,,,,,,,,104,10482,2994
,,,,,,,,105,10532,3008
,,,,,,,,106,10500,2999
,,,,,,,,107,10474,2991
,,,,,,,,108,10405,2972
,,,,,,,,109,10322,2948
,,,,,,,,110,10314,2945
,,,,,,,,111,10285,2937
,,,,,,,,112,10364,2960
,,,,,,,,113,10868,3104
,,,,,,,,114,11660,3330
,,,,,,,,115,11630,3321
,,,,,,,,116,11361,3245
,,,,,,,,117,10911,3116
,,,,,,,,118,10191,2910
,,,,,,,,119,9244,2640
,,,,,,,,120,8396,2398
,,,,,,,,121,7822,2234
,,,,,,,,122,7494,2140
,,,,,,,,123,7343,2097
,,,,,,,,124,7289,2082
,,,,,,,,125,7482,2137
,,,,,,,,126,8142,2325
,,,,,,,,127,9388,2681
,,,,,,,,128,10233,2922
,,,,,,,,129,10494,2997
,,,,,,,,130,10665,3046
,,,,,,,,131,10780,3079
,,,,,,,,132,10817,3089
,,,,,,,,133,10743,3068
,,,,,,,,134,10657,3044
,,,,,,,,135,10516,3003
,,,,,,,,136,10468,2990
,,,,,,,,137,10788,3081
,,,,,,,,138,11254,3214
,,,,,,,,139,11088,3167
,,,,,,,,140,10715,3060
,,,,,,,,141,10312,2945
,,,,,,,,142,9767,2790
,,,,,,,,143,9041,2582
,,,,,,,,144,8305,2372
,,,,,,,,145,7713,2203
,,,,,,,,146,7356,2101
,,,,,,,,147,7174,2048
,,,,,,,,148,7106,2029
,,,,,,,,149,7170,2048
,,,,,,,,150,7470,2134
,,,,,,,,151,7989,2282
,,,,,,,,152,8543,2439
,,,,,,,,153,9129,2607
,,,,,,,,154,9504,2715
,,,,,,,,155,9671,2762
,,,,,,,,156,9578,2735
,,,,,,,,157,9397,2684
,,,,,,,,158,9152,2614
,,,,,,,,159,9002,2571
,,,,,,,,160,9005,2572
,,,,,,,,161,9435,2694
,,,,,,,,162,10341,2953
,,,,,,,,163,10416,2975
,,,,,,,,164,10112,2888
,,,,,,,,165,9802,2800
,,,,,,,,166,9331,2665
,,,,,,,,167,8730,2493
,,,,,,,,168,8088,2310
,,,,,,,,169,7490,2138
,,,,,,,,170,7210,2059
,,,,,,,,171,7059,2016
,,,,,,,,172,7011,2003
,,,,,,,,173,7070,2019
,,,,,,,,174,7293,2083
,,,,,,,,175,7609,2173
,,,,,,,,176,8012,2288
,,,,,,,,177,8538,2439
,,,,,,,,178,8900,2542
,,,,,,,,179,9034,2580
,,,,,,,,180,9054,2585
,,,,,,,,181,8953,2557
,,,,,,,,182,8781,2508
,,,,,,,,183,8625,2463
,,,,,,,,184,8611,2459
,,,,,,,,185,8917,2547
,,,,,,,,186,9775,2791
,,,,,,,,187,10295,2940
,,,,,,,,188,10076,2878
,,,,,,,,189,9756,2786
,,,,,,,,190,9251,2642
,,,,,,,,191,8620,2462
,,,,,,,,192,8004,2286
,,,,,,,,193,7591,2168
,,,,,,,,194,7349,2099
,,,,,,,,195,7210,2059
,,,,,,,,196,7233,2066
,,,,,,,,197,7428,2121
,,,,,,,,198,7961,2274
,,,,,,,,199,8744,2497
,,,,,,,,200,9347,2670
,,,,,,,,201,9828,2807
,,,,,,,,202,10129,2893
,,,,,,,,203,10263,2931
,,,,,,,,204,10228,2921
,,,,,,,,205,10062,2874
,,,,,,,,206,9882,2822
,,,,,,,,207,9738,2781
,,,,,,,,208,9696,2769
,,,,,,,,209,9990,2853
,,,,,,,,210,10862,3102
,,,,,,,,211,11318,3232
,,,,,,,,212,11040,3153
,,,,,,,,213,10615,3031
,,,,,,,,214,9962,2845
,,,,,,,,215,9128,2607
,,,,,,,,216,8372,2391
,,,,,,,,217,7888,2253
,,,,,,,,218,7640,2182
,,,,,,,,219,7545,2154
,,,,,,,,220,7585,2166
,,,,,,,,221,7831,2236
,,,,,,,,222,8541,2439
,,,,,,,,223,9651,2756
,,,,,,,,224,10291,2939
,,,,,,,,225,10491,2996
,,,,,,,,226,10481,2993
,,,,,,,,227,10455,2986
,,,,,,,,228,10351,2956
,,,,,,,,229,10191,2910
,,,,,,,,230,10110,2888
,,,,,,,,231,10039,2867
,,,,,,,,232,10042,2868
,,,,,,,,233,10338,2952
,,,,,,,,234,11123,3176
,,,,,,,,235,11418,3260
,,,,,,,,236,11097,3169
,,,,,,,,237,10601,3027
,,,,,,,,238,9885,2823
,,,,,,,,239,8968,2561
,,,,,,,,240,8153,2329
,,,,,,,,241,7599,2170
,,,,,,,,242,7284,2080
,,,,,,,,243,7147,2041
,,,,,,,,244,7125,2035
,,,,,,,,245,7333,2094
,,,,,,,,246,7991,2282
,,,,,,,,247,9047,2584
,,,,,,,,248,9732,2780
,,,,,,,,249,9950,2842
,,,,,,,,250,9972,2848
,,,,,,,,251,10004,2857
,,,,,,,,252,9950,2842
,,,,,,,,253,9807,2801
,,,,,,,,254,9709,2773
,,,,,,,,255,9560,2730
,,,,,,,,256,9469,2704
,,,,,,,,257,9656,2758
,,,,,,,,258,10381,2965
,,,,,,,,259,10819,3090
,,,,,,,,260,10562,3016
,,,,,,,,261,10151,2900
,,,,,,,,262,9508,2715
,,,,,,,,263,8638,2467
,,,,,,,,264,7846,2241
,,,,,,,,265,7303,2086
,,,,,,,,266,6999,1999
,,,,,,,,267,6838,1953
,,,,,,,,268,6820,1948
,,,,,,,,269,7001,1999
,,,,,,,,270,7652,2185
,,,,,,,,271,8744,2497
,,,,,,,,272,9451,2699
,,,,,,,,273,9760,2787
,,,,,,,,274,9924,2835
,,,,,,,,275,9981,2850
,,,,,,,,276,9974,2849
,,,,,,,,277,9877,2820
,,,,,,,,278,9772,2790
,,,,,,,,279,9652,2756
,,,,,,,,280,9540,2725
,,,,,,,,281,9671,2762
,,,,,,,,282,10355,2957
,,,,,,,,283,10836,3095
,,,,,,,,284,10620,3033
,,,,,,,,285,10217,2918
,,,,,,,,286,9588,2738
,,,,,,,,287,8742,2497
,,,,,,,,288,7977,2279
,,,,,,,,289,7457,2129
,,,,,,,,290,7157,2044
,,,,,,,,291,7019,2004
,,,,,,,,292,7027,2007
,,,,,,,,293,7231,2065
,,,,,,,,294,7861,2245
,,,,,,,,295,8911,2545
,,,,,,,,296,9703,2771
,,,,,,,,297,10187,2910
,,,,,,,,298,10441,2982
,,,,,,,,299,10613,3031
,,,,,,,,300,10669,3047
,,,,,,,,301,10604,3028
,,,,,,,,302,10565,3017
,,,,,,,,303,10490,2995
,,,,,,,,304,10443,2983
,,,,,,,,305,10639,3039
,,,,,,,,306,11072,3162
,,,,,,,,307,11096,3169
,,,,,,,,308,10745,3069
,,,,,,,,309,10289,2939
,,,,,,,,310,9690,2767
,,,,,,,,311,8930,2550
,,,,,,,,312,8178,2335
,,,,,,,,313,7621,2177
,,,,,,,,314,7287,2081
,,,,,,,,315,7110,2030
,,,,,,,,316,7044,2012
,,,,,,,,317,7131,2037
,,,,,,,,318,7410,2116
,,,,,,,,319,7828,2235
,,,,,,,,320,8316,2374
,,,,,,,,321,8903,2543
,,,,,,,,322,9358,2672
,,,,,,,,323,9582,2736
,,,,,,,,324,9587,2738
,,,,,,,,325,9485,2709
,,,,,,,,326,9318,2661
,,,,,,,,327,9195,2626
,,,,,,,,328,9175,2620
,,,,,,,,329,9422,2690
,,,,,,,,330,10096,2884
,,,,,,,,331,10560,3015
,,,,,,,,332,10326,2949
,,,,,,,,333,9995,2855
,,,,,,,,334,9553,2728
,,,,,,,,335,8922,2549
,,,,,,,,336,8318,2375
,,,,,,,,337,6488,1853
,,,,,,,,338,6220,1776
,,,,,,,,339,6097,1741
,,,,,,,,340,6095,1741
,,,,,,,,341,6305,1801
,,,,,,,,342,7009,2002
,,,,,,,,343,8321,2376
,,,,,,,,344,9087,2595
,,,,,,,,345,9303,2657
,,,,,,,,346,9426,2692
,,,,,,,,347,9581,2736
,,,,,,,,348,9660,2759
,,,,,,,,349,9664,2760
,,,,,,,,350,9701,2770
,,,,,,,,351,9625,2749
,,,,,,,,352,9513,2717
,,,,,,,,353,9440,2696
,,,,,,,,354,9438,2695
,,,,,,,,355,9510,2716
,,,,,,,,356,10034,2865
,,,,,,,,357,9803,2800
,,,,,,,,358,9053,2585
,,,,,,,,359,8084,2309
,,,,,,,,360,7222,2063
,,,,,,,,361,6657,1901
,,,,,,,,362,6364,1818
,,,,,,,,363,6229,1779
,,,,,,,,364,6188,1767
,,,,,,,,365,6383,1823
,,,,,,,,366,7038,2010
,,,,,,,,367,8316,2375
,,,,,,,,368,9058,2587
,,,,,,,,369,9240,2639
,,,,,,,,370,9335,2666
,,,,,,,,371,9468,2704
,,,,,,,,372,9552,2728
,,,,,,,,373,9590,2739
,,,,,,,,374,9666,2760
,,,,,,,,375,9640,2753
,,,,,,,,376,9594,2740
,,,,,,,,377,9588,2738
,,,,,,,,378,9612,2745
,,,,,,,,379,9624,2749
,,,,,,,,380,10133,2894
,,,,,,,,381,9966,2846
,,,,,,,,382,9241,2639
,,,,,,,,383,8240,2353
,,,,,,,,384,7373,2105
,,,,,,,,385,6779,1936
,,,,,,,,386,6465,1846
,,,,,,,,387,6283,1794
,,,,,,,,388,6237,1781
,,,,,,,,389,6399,1828
,,,,,,,,390,7020,2005
,,,,,,,,391,8288,2367
,,,,,,,,392,9036,2580
,,,,,,,,393,9330,2665
,,,,,,,,394,9512,2716
,,,,,,,,395,9710,2773
,,,,,,,,396,9832,2808
,,,,,,,,397,9865,2817
,,,,,,,,398,9921,2834
,,,,,,,,399,9892,2825
,,,,,,,,400,9842,2811
,,,,,,,,401,9817,2804
,,,,,,,,402,9815,2803
,,,,,,,,403,9778,2793
,,,,,,,,404,10245,2925
,,,,,,,,405,10070,2876
,,,,,,,,406,9360,2673
,,,,,,,,407,8382,2394
,,,,,,,,408,7475,2134
,,,,,,,,409,6924,1978
,,,,,,,,410,6561,1873
,,,,,,,,411,6379,1822
,,,,,,,,412,6315,1803
,,,,,,,,413,6456,1843
,,,,,,,,414,7061,2017
,,,,,,,,415,8316,2375
,,,,,,,,416,9067,2590
,,,,,,,,417,9369,2675
,,,,,,,,418,9601,2742
,,,,,,,,419,9838,2810
,,,,,,,,420,9967,2846
,,,,,,,,421,10001,2856
,,,,,,,,422,10114,2889
,,,,,,,,423,10112,2888
,,,,,,,,424,10096,2883
,,,,,,,,425,10079,2879
,,,,,,,,426,10039,2867
,,,,,,,,427,9934,2837
,,,,,,,,428,10363,2960
,,,,,,,,429,10219,2919
,,,,,,,,430,9523,2720
,,,,,,,,431,8513,2431
,,,,,,,,432,7619,2176
,,,,,,,,433,7042,2011
,,,,,,,,434,6684,1908
,,,,,,,,435,6461,1845
,,,,,,,,436,6390,1825
,,,,,,,,437,6527,1863
,,,,,,,,438,7096,2027
,,,,,,,,439,8282,2365
,,,,,,,,440,9039,2582
,,,,,,,,441,9336,2666
,,,,,,,,442,9530,2722
,,,,,,,,443,9699,2770
,,,,,,,,444,9746,2783
,,,,,,,,445,9669,2761
,,,,,,,,446,9692,2768
,,,,,,,,447,9603,2743
,,,,,,,,448,9488,2710
,,,,,,,,449,9425,2691
,,,,,,,,450,9321,2662
,,,,,,,,451,9137,2610
,,,,,,,,452,9519,2719
,,,,,,,,453,9343,2669
,,,,,,,,454,8803,2514
,,,,,,,,455,8073,2305
,,,,,,,,456,7301,2085
,,,,,,,,457,6716,1918
,,,,,,,,458,6351,1813
,,,,,,,,459,6143,1754
,,,,,,,,460,6033,1723
,,,,,,,,461,6043,1726
,,,,,,,,462,6246,1783
,,,,,,,,463,6660,1902
,,,,,,,,464,7157,2044
,,,,,,,,465,7838,2239
,,,,,,,,466,8325,2378
,,,,,,,,467,8539,2439
,,,,,,,,468,8579,2450
,,,,,,,,469,8483,2423
,,,,,,,,470,8313,2374
,,,,,,,,471,8175,2334
,,,,,,,,472,8109,2316
,,,,,,,,473,8166,2332
,,,,,,,,474,8373,2391
,,,,,,,,475,8583,2451
,,,,,,,,476,8925,2549
,,,,,,,,477,8761,2502
,,,,,,,,478,8313,2374
,,,,,,,,479,7709,2202
,,,,,,,,480,7087,2023
,,,,,,,,481,6571,1877
,,,,,,,,482,6231,1779
,,,,,,,,483,6059,1730
,,,,,,,,484,5975,1706
,,,,,,,,485,5989,1711
,,,,,,,,486,6126,1749
,,,,,,,,487,6447,1841
,,,,,,,,488,6881,1965
,,,,,,,,489,7568,2161
,,,,,,,,490,8160,2330
,,,,,,,,491,8530,2436
,,,,,,,,492,8748,2498
,,,,,,,,493,8822,2519
,,,,,,,,494,8734,2494
,,,,,,,,495,8636,2466
,,,,,,,,496,8569,2447
,,,,,,,,497,8690,2482
,,,,,,,,498,8933,2551
,,,,,,,,499,9135,2609
,,,,,,,,500,9515,2717
,,,,,,,,501,9322,2662
,,,,,,,,502,8673,2477
,,,,,,,,503,7890,2254
,,,,,,,,504,7164,2046
,,,,,,,,505,6579,1879
,,,,,,,,506,6359,1816
,,,,,,,,507,6277,1793
,,,,,,,,508,6282,1794
,,,,,,,,509,6511,1859
,,,,,,,,510,7238,2067
,,,,,,,,511,8426,2406
,,,,,,,,512,9225,2635
,,,,,,,,513,9508,2715
,,,,,,,,514,9628,2749
,,,,,,,,515,9735,2780
,,,,,,,,516,9736,2780
,,,,,,,,517,9657,2758
,,,,,,,,518,9585,2737
,,,,,,,,519,9429,2693
,,,,,,,,520,9322,2662
,,,,,,,,521,9323,2663
,,,,,,,,522,9432,2694
,,,,,,,,523,9526,2720
,,,,,,,,524,9928,2835
,,,,,,,,525,9944,2840
,,,,,,,,526,9255,2643
,,,,,,,,527,8312,2374
,,,,,,,,528,7435,2124
,,,,,,,,529,6909,1973
,,,,,,,,530,6643,1898
,,,,,,,,531,6523,1863
,,,,,,,,532,6513,1860
,,,,,,,,533,6737,1924
,,,,,,,,534,7437,2124
,,,,,,,,535,8592,2454
,,,,,,,,536,9316,2660
,,,,,,,,537,9460,2702
,,,,,,,,538,9521,2719
,,,,,,,,539,9583,2737
,,,,,,,,540,9561,2730
,,,,,,,,541,9503,2714
,,,,,,,,542,9480,2707
,,,,,,,,543,9352,2670
,,,,,,,,544,9242,2639
,,,,,,,,545,9257,2644
,,,,,,,,546,9331,2665
,,,,,,,,547,9395,2683
,,,,,,,,548,9811,2802
,,,,,,,,549,9848,2813
,,,,,,,,550,9175,2620
,,,,,,,,551,8230,2350
,,,,,,,,552,7377,2107
,,,,,,,,553,6850,1957
,,,,,,,,554,6579,1878
,,,,,,,,555,6458,1844
,,,,,,,,556,6458,1844
,,,,,,,,557,6673,1906
,,,,,,,,558,7373,2105
,,,,,,,,559,8541,2439
,,,,,,,,560,9323,2663
,,,,,,,,561,9519,2719
,,,,,,,,562,9553,2728
,,,,,,,,563,9598,2741
,,,,,,,,564,9572,2734
,,,,,,,,565,9477,2706
,,,,,,,,566,9433,2694
,,,,,,,,567,9322,2662
,,,,,,,,568,9225,2635
,,,,,,,,569,9248,2641
,,,,,,,,570,9347,2670
,,,,,,,,571,9442,2696
,,,,,,,,572,9864,2817
,,,,,,,,573,9863,2817
,,,,,,,,574,9208,2629
,,,,,,,,575,8287,2367
,,,,,,,,576,7446,2126
,,,,,,,,577,6898,1970
,,,,,,,,578,6610,1888
,,,,,,,,579,6479,1850
,,,,,,,,580,6475,1849
,,,,,,,,581,6676,1907
,,,,,,,,582,7384,2109
,,,,,,,,583,8535,2438
,,,,,,,,584,9278,2649
,,,,,,,,585,9466,2704
,,,,,,,,586,9522,2720
,,,,,,,,587,9555,2729
,,,,,,,,588,9563,2731
,,,,,,,,589,9526,2720
,,,,,,,,590,9515,2717
,,,,,,,,591,9401,2684
,,,,,,,,592,9313,2659
,,,,,,,,593,9341,2668
,,,,,,,,594,9451,2699
,,,,,,,,595,9480,2707
,,,,,,,,596,9823,2805
,,,,,,,,597,9873,2820
,,,,,,,,598,9273,2648
,,,,,,,,599,8381,2394
,,,,,,,,600,7528,2149
,,,,,,,,601,6991,1997
,,,,,,,,602,6724,1920
,,,,,,,,603,6596,1883
,,,,,,,,604,6596,1884
,,,,,,,,605,6801,1943
,,,,,,,,606,7481,2136
,,,,,,,,607,8587,2452
,,,,,,,,608,9306,2658
,,,,,,,,609,9447,2698
,,,,,,,,610,9497,2712
,,,,,,,,611,9541,2725
,,,,,,,,612,9480,2707
,,,,,,,,613,9372,2676
,,,,,,,,614,9309,2659
,,,,,,,,615,9166,2618
,,,,,,,,616,9001,2571
,,,,,,,,617,8930,2550
,,,,,,,,618,8879,2536
,,,,,,,,619,8805,2514
,,,,,,,,620,9104,2600
,,,,,,,,621,9280,2650
,,,,,,,,622,8797,2513
,,,,,,,,623,8077,2307
,,,,,,,,624,7300,2085
,,,,,,,,625,6755,1929
,,,,,,,,626,6437,1838
,,,,,,,,627,6256,1787
,,,,,,,,628,6218,1776
,,,,,,,,629,6288,1796
,,,,,,,,630,6558,1873
,,,,,,,,631,6904,1972
,,,,,,,,632,7527,2149
,,,,,,,,633,8079,2307
,,,,,,,,634,8418,2404
,,,,,,,,635,8551,2442
,,,,,,,,636,8516,2432
,,,,,,,,637,8391,2396
,,,,,,,,638,8236,2352
,,,,,,,,639,8100,2314
,,,,,,,,640,8053,2300
,,,,,,,,641,8086,2309
,,,,,,,,642,8187,2338
,,,,,,,,643,8236,2352
,,,,,,,,644,8553,2443
,,,,,,,,645,8701,2484
,,,,,,,,646,8272,2363
,,,,,,,,647,7634,2180
,,,,,,,,648,6991,1997
,,,,,,,,649,6480,1850
,,,,,,,,650,6158,1758
,,,,,,,,651,5969,1705
,,,,,,,,652,5896,1683
,,,,,,,,653,5909,1688
,,,,,,,,654,6047,1727
,,,,,,,,655,6242,1783
,,,,,,,,656,6709,1916
,,,,,,,,657,7350,2099
,,,,,,,,658,7840,2239
,,,,,,,,659,8098,2313
,,,,,,,,660,8243,2354
,,,,,,,,661,8274,2363
,,,,,,,,662,8213,2345
,,,,,,,,663,8162,2331
,,,,,,,,664,8179,2336
,,,,,,,,665,8311,2374
,,,,,,,,666,8505,2429
,,,,,,,,667,8581,2450
,,,,,,,,668,8893,2539
,,,,,,,,669,9031,2580
,,,,,,,,670,8517,2432
,,,,,,,,671,7798,2227
,,,,,,,,672,7111,2031
,,,,,,,,673,7198,2056
,,,,,,,,674,6820,1948
,,,,,,,,675,6632,1894
,,,,,,,,676,6575,1878
,,,,,,,,677,6721,1920
,,,,,,,,678,7203,2058
,,,,,,,,679,8348,2384
,,,,,,,,680,9379,2679
,,,,,,,,681,9934,2837
,,,,,,,,682,10322,2948
,,,,,,,,683,10623,3034
,,,,,,,,684,10809,3087
,,,,,,,,685,10911,3116
,,,,,,,,686,11010,3145
,,,,,,,,687,11011,3146
,,,,,,,,688,11018,3147
,,,,,,,,689,11030,3150
,,,,,,,,690,10934,3123
,,,,,,,,691,10633,3037
,,,,,,,,692,10388,2967
,,,,,,,,693,10438,2981
,,,,,,,,694,10048,2870
,,,,,,,,695,9000,2570
,,,,,,,,696,7991,2282
,,,,,,,,697,7338,2096
,,,,,,,,698,6938,1982
,,,,,,,,699,6751,1928
,,,,,,,,700,6676,1907
,,,,,,,,701,6840,1953
,,,,,,,,702,7300,2085
,,,,,,,,703,8454,2414
,,,,,,,,704,9469,2704
,,,,,,,,705,10006,2858
,,,,,,,,706,10341,2954
,,,,,,,,707,10626,3035
,,,,,,,,708,10780,3079
,,,,,,,,709,10849,3099
,,,,,,,,710,10977,3135
,,,,,,,,711,10950,3127
,,,,,,,,712,10892,3111
,,,,,,,,713,10868,3104
,,,,,,,,714,10767,3075
,,,,,,,,715,10550,3013
,,,,,,,,716,10414,2974
,,,,,,,,717,10478,2992
,,,,,,,,718,10018,2861
,,,,,,,,719,9029,2579
,,,,,,,,720,8087,2309
,,,,,,,,721,7458,2130
,,,,,,,,722,7101,2028
,,,,,,,,723,6908,1973
,,,,,,,,724,6846,1955
,,,,,,,,725,6982,1994
,,,,,,,,726,7519,2148
,,,,,,,,727,8623,2463
,,,,,,,,728,9656,2758
,,,,,,,,729,10143,2897
,,,,,,,,730,10421,2976
,,,,,,,,731,10636,3037
,,,,,,,,732,10732,3065
,,,,,,,,733,10718,3061
,,,,,,,,734,10740,3067
,,,,,,,,735,10659,3044
,,,,,,,,736,10578,3021
,,,,,,,,737,10599,3027
,,,,,,,,738,10591,3025
,,,,,,,,739,10430,2979
,,,,,,,,740,10270,2933
,,,,,,,,741,10290,2939
,,,,,,,,742,9974,2849
,,,,,,,,743,9019,2576
,,,,,,,,744,8058,2301
,,,,,,,,745,7392,2111
,,,,,,,,746,7004,2000
,,,,,,,,747,6762,1931
,,,,,,,,748,6687,1910
,,,,,,,,749,6814,1946
,,,,,,,,750,7291,2082
,,,,,,,,751,8384,2394
,,,,,,,,752,9394,2683
,,,,,,,,753,9918,2833
,,,,,,,,754,10222,2920
,,,,,,,,755,10468,2990
,,,,,,,,756,10574,3020
,,,,,,,,757,10612,3030
,,,,,,,,758,10694,3055
,,,,,,,,759,10721,3062
,,,,,,,,760,10732,3065
,,,,,,,,761,10747,3070
,,,,,,,,762,10667,3046
,,,,,,,,763,10417,2975
,,,,,,,,764,10180,2907
,,,,,,,,765,10206,2915
,,,,,,,,766,9991,2854
,,,,,,,,767,9018,2575
,,,,,,,,768,8021,2291
,,,,,,,,769,7319,2090
,,,,,,,,770,6879,1965
,,,,,,,,771,6647,1898
,,,,,,,,772,6563,1874
,,,,,,,,773,6672,1906
,,,,,,,,774,7054,2014
,,,,,,,,775,8116,2318
,,,,,,,,776,9143,2611
,,,,,,,,777,9767,2790
,,,,,,,,778,10176,2906
,,,,,,,,779,10484,2994
,,,,,,,,780,10631,3036
,,,,,,,,781,10675,3049
,,,,,,,,782,10762,3074
,,,,,,,,783,10762,3074
,,,,,,,,784,10736,3066
,,,,,,,,785,10711,3059
,,,,,,,,786,10555,3015
,,,,,,,,787,10228,2921
,,,,,,,,788,9917,2833
,,,,,,,,789,9863,2817
,,,,,,,,790,9680,2765
,,,,,,,,791,8855,2529
,,,,,,,,792,7943,2269
,,,,,,,,793,7231,2065
,,,,,,,,794,6801,1943
,,,,,,,,795,6561,1873
,,,,,,,,796,6427,1835
,,,,,,,,797,6395,1826
,,,,,,,,798,6403,1828
,,,,,,,,799,6845,1955
,,,,,,,,800,7613,2174
,,,,,,,,801,8435,2409
,,,,,,,,802,8994,2569
,,,,,,,,803,9294,2655
,,,,,,,,804,9403,2685
,,,,,,,,805,9401,2685
,,,,,,,,806,9316,2661
,,,,,,,,807,9239,2639
,,,,,,,,808,9219,2633
,,,,,,,,809,9248,2641
,,,,,,,,810,9270,2648
,,,,,,,,811,9157,2615
,,,,,,,,812,8985,2566
,,,,,,,,813,9051,2585
,,,,,,,,814,8952,2557
,,,,,,,,815,8316,2375
,,,,,,,,816,7540,2154
,,,,,,,,817,6932,1980
,,,,,,,,818,6550,1871
,,,,,,,,819,6322,1806
,,,,,,,,820,6188,1768
,,,,,,,,821,6161,1759
,,,,,,,,822,6112,1745
,,,,,,,,823,6346,1813
,,,,,,,,824,6917,1976
,,,,,,,,825,7644,2183
,,,,,,,,826,8199,2342
,,,,,,,,827,8539,2439
,,,,,,,,828,8734,2494
,,,,,,,,829,8816,2518
,,,,,,,,830,8771,2505
,,,,,,,,831,8744,2497
,,,,,,,,832,8771,2505
,,,,,,,,833,8874,2535
,,,,,,,,834,8982,2565
,,,,,,,,835,8959,2559
,,,,,,,,836,8888,2539
,,,,,,,,837,9068,2590
,,,,,,,,838,8955,2558
,,,,,,,,839,8181,2337
,,,,,,,,840,7353,2100
,,,,,,,,841,9966,2846
,,,,,,,,842,9488,2710
,,,,,,,,843,9182,2622
,,,,,,,,844,9021,2576
,,,,,,,,845,9083,2594
,,,,,,,,846,9497,2712
,,,,,,,,847,10491,2996
,,,,,,,,848,11808,3372
,,,,,,,,849,12831,3665
,,,,,,,,850,13653,3899
,,,,,,,,851,14376,4106
,,,,,,,,852,14958,4272
,,,,,,,,853,15407,4400
,,,,,,,,854,15793,4511
,,,,,,,,855,15875,4534
,,,,,,,,856,15907,4543
,,,,,,,,857,15877,4534
,,,,,,,,858,15759,4501
,,,,,,,,859,15392,4396
,,,,,,,,860,14909,4258
,,,,,,,,861,14720,4204
,,,,,,,,862,14135,4037
,,,,,,,,863,12785,3651
,,,,,,,,864,11449,3270
,,,,,,,,865,10503,3000
,,,,,,,,866,9889,2825
,,,,,,,,867,9493,2711
,,,,,,,,868,9245,2640
,,,,,,,,869,9268,2647
,,,,,,,,870,9643,2754
,,,,,,,,871,10684,3051
,,,,,,,,872,12036,3437
,,,,,,,,873,13120,3747
,,,,,,,,874,14080,4021
,,,,,,,,875,14910,4258
,,,,,,,,876,15478,4421
,,,,,,,,877,15870,4533
,,,,,,,,878,16225,4633
,,,,,,,,879,16448,4698
,,,,,,,,880,16617,4746
,,,,,,,,881,16717,4774
,,,,,,,,882,16579,4735
,,,,,,,,883,16199,4626
,,,,,,,,884,15701,4484
,,,,,,,,885,15416,4403
,,,,,,,,886,14854,4243
,,,,,,,,887,13581,3878
,,,,,,,,888,12317,3518
,,,,,,,,889,11428,3264
,,,,,,,,890,10876,3106
,,,,,,,,891,10527,3006
,,,,,,,,892,10316,2946
,,,,,,,,893,10305,2943
,,,,,,,,894,10666,3046
,,,,,,,,895,11610,3316
,,,,,,,,896,12998,3712
,,,,,,,,897,13972,3990
,,,,,,,,898,14756,4214
,,,,,,,,899,15564,4445
,,,,,,,,900,16180,4621
,,,,,,,,901,16567,4732
,,,,,,,,902,16579,4735
,,,,,,,,903,16191,4624
,,,,,,,,904,15434,4408
,,,,,,,,905,14862,4244
,,,,,,,,906,14616,4174
,,,,,,,,907,14244,4068
,,,,,,,,908,13888,3967
,,,,,,,,909,13782,3937
,,,,,,,,910,13334,3808
,,,,,,,,911,12202,3485
,,,,,,,,912,11020,3147
,,,,,,,,913,10113,2888
,,,,,,,,914,9460,2702
,,,,,,,,915,9045,2583
,,,,,,,,916,8791,2511
,,,,,,,,917,8777,2506
,,,,,,,,918,9086,2595
,,,,,,,,919,9840,2810
,,,,,,,,920,10757,3072
,,,,,,,,921,11290,3225
,,,,,,,,922,11661,3331
,,,,,,,,923,12023,3434
,,,,,,,,924,12273,3506
,,,,,,,,925,12425,3549
,,,,,,,,926,12644,3611
,,,,,,,,927,12722,3633
,,,,,,,,928,12820,3661
,,,,,,,,929,12921,3690
,,,,,,,,930,12885,3680
,,,,,,,,931,12514,3574
,,,,,,,,932,12068,3446
,,,,,,,,933,11994,3426
,,,,,,,,934,11578,3306
,,,,,,,,935,10569,3018
,,,,,,,,936,9506,2715
,,,,,,,,937,8709,2488
,,,,,,,,938,8246,2355
,,,,,,,,939,7952,2271
,,,,,,,,940,7819,2233
,,,,,,,,941,7898,2256
,,,,,,,,942,8298,2369
,,,,,,,,943,9095,2598
,,,,,,,,944,10038,2867
,,,,,,,,945,10658,3044
,,,,,,,,946,10981,3136
,,,,,,,,947,11194,3197
,,,,,,,,948,11231,3207
,,,,,,,,949,11176,3192
,,,,,,,,950,11164,3189
,,,,,,,,951,11055,3157
,,,,,,,,952,10895,3111
,,,,,,,,953,10808,3086
,,,,,,,,954,10694,3054
,,,,,,,,955,10434,2980
,,,,,,,,956,10219,2919
,,,,,,,,957,10306,2944
,,,,,,,,958,10050,2870
,,,,,,,,959,9270,2648
,,,,,,,,960,8395,2398
,,,,,,,,961,7709,2202
,,,,,,,,962,7263,2074
,,,,,,,,963,6990,1996
,,,,,,,,964,6839,1953
,,,,,,,,965,6817,1947
,,,,,,,,966,6868,1962
,,,,,,,,967,7216,2061
,,,,,,,,968,7939,2268
,,,,,,,,969,8804,2514
,,,,,,,,970,9461,2702
,,,,,,,,971,9878,2821
,,,,,,,,972,10121,2890
,,,,,,,,973,10244,2925
,,,,,,,,974,10305,2943
,,,,,,,,975,10361,2960
,,,,,,,,976,10448,2984
,,,,,,,,977,10582,3022
,,,,,,,,978,10647,3040
,,,,,,,,979,10513,3002
,,,,,,,,980,10187,2910
,,,,,,,,981,10152,2900
,,,,,,,,982,9931,2836
,,,,,,,,983,9213,2631
,,,,,,,,984,8419,2404
,,,,,,,,985,7742,2211
,,,,,,,,986,7307,2087
,,,,,,,,987,7033,2008
,,,,,,,,988,6863,1960
,,,,,,,,989,6795,1941
,,,,,,,,990,6728,1922
,,,,,,,,991,6934,1980
,,,,,,,,992,7554,2158
,,,,,,,,993,8403,2400
,,,,,,,,994,9173,2620
,,,,,,,,995,9807,2800
,,,,,,,,996,10319,2947
,,,,,,,,997,10683,3051
,,,,,,,,998,10892,3111
,,,,,,,,999,11086,3166
,,,,,,,,1000,11282,3222
,,,,,,,,1001,11542,3296
,,,,,,,,1002,11705,3343
,,,,,,,,1003,11579,3307
,,,,,,,,1004,11269,3219
,,,,,,,,1005,11276,3221
,,,,,,,,1006,10993,3140
,,,,,,,,1007,10136,2895
,,,,,,,,1008,9204,2629
,,,,,,,,1009,7551,2156
,,,,,,,,1010,7196,2055
,,,,,,,,1011,6987,1995
,,,,,,,,1012,6915,1975
,,,,,,,,1013,7055,2015
,,,,,,,,1014,7532,2151
,,,,,,,,1015,8326,2378
,,,,,,,,1016,9238,2639
,,,,,,,,1017,9968,2847
,,,,,,,,1018,10584,3023
,,,,,,,,1019,11101,3170
,,,,,,,,1020,11465,3274
,,,,,,,,1021,11684,3337
,,,,,,,,1022,11845,3383
,,,,,,,,1023,11878,3392
,,,,,,,,1024,11856,3386
,,,,,,,,1025,11874,3391
,,,,,,,,1026,11835,3380
,,,,,,,,1027,11522,3291
,,,,,,,,1028,11361,3245
,,,,,,,,1029,11462,3273
,,,,,,,,1030,10755,3071
,,,,,,,,1031,9727,2778
,,,,,,,,1032,8750,2499
,,,,,,,,1033,8051,2299
,,,,,,,,1034,7659,2188
,,,,,,,,1035,7406,2115
,,,,,,,,1036,7306,2086
,,,,,,,,1037,7445,2126
,,,,,,,,1038,7989,2282
,,,,,,,,1039,8862,2531
,,,,,,,,1040,9775,2792
,,,,,,,,1041,10469,2990
,,,,,,,,1042,11051,3156
,,,,,,,,1043,11567,3303
,,,,,,,,1044,11911,3401
,,,,,,,,1045,12144,3468
,,,,,,,,1046,12378,3536
,,,,,,,,1047,12505,3571
,,,,,,,,1048,12545,3583
,,,,,,,,1049,12547,3583
,,,,,,,,1050,12342,3525
,,,,,,,,1051,11929,3406
,,,,,,,,1052,11695,3340
,,,,,,,,1053,11749,3356
,,,,,,,,1054,11022,3148
,,,,,,,,1055,9937,2838
,,,,,,,,1056,8909,2545
,,,,,,,,1057,8173,2334
,,,,,,,,1058,7720,2204
,,,,,,,,1059,7431,2122
,,,,,,,,1060,7280,2079
,,,,,,,,1061,7365,2103
,,,,,,,,1062,7847,2241
,,,,,,,,1063,8598,2455
,,,,,,,,1064,9591,2740
,,,,,,,,1065,10349,2955
,,,,,,,,1066,10998,3141
,,,,,,,,1067,11566,3303
,,,,,,,,1068,11972,3419
,,,,,,,,1069,12218,3490
,,,,,,,,1070,12483,3565
,,,,,,,,1071,12644,3612
,,,,,,,,1072,12688,3624
,,,,,,,,1073,12716,3631
,,,,,,,,1074,12561,3587
,,,,,,,,1075,12173,3476
,,,,,,,,1076,11900,3399
,,,,,,,,1077,11963,3416
,,,,,,,,1078,11249,3213
,,,,,,,,1079,10154,2900
,,,,,,,,1080,9124,2606
,,,,,,,,1081,8372,2391
,,,,,,,,1082,7903,2257
,,,,,,,,1083,7589,2167
,,,,,,,,1084,7467,2133
,,,,,,,,1085,7548,2155
,,,,,,,,1086,8066,2304
,,,,,,,,1087,8853,2529
,,,,,,,,1088,9886,2824
,,,,,,,,1089,10738,3067
,,,,,,,,1090,11425,3263
,,,,,,,,1091,12013,3431
,,,,,,,,1092,12485,3566
,,,,,,,,1093,12852,3671
,,,,,,,,1094,13219,3776
,,,,,,,,1095,13393,3825
,,,,,,,,1096,13476,3849
,,,,,,,,1097,13499,3856
,,,,,,,,1098,13344,3811
,,,,,,,,1099,12938,3695
,,,,,,,,1100,12645,3612
,,,,,,,,1101,12667,3617
,,,,,,,,1102,11923,3405
,,,,,,,,1103,10795,3083
,,,,,,,,1104,9707,2772
,,,,,,,,1105,8924,2549
,,,,,,,,1106,8391,2396
,,,,,,,,1107,8047,2298
,,,,,,,,1108,7863,2246
,,,,,,,,1109,7926,2264
,,,,,,,,1110,8389,2396
,,,,,,,,1111,9131,2608
,,,,,,,,1112,10105,2886
,,,,,,,,1113,10944,3126
,,,,,,,,1114,11657,3329
,,,,,,,,1115,12300,3513
,,,,,,,,1116,12775,3648
,,,,,,,,1117,13085,3737
,,,,,,,,1118,13387,3823
,,,,,,,,1119,13514,3860
,,,,,,,,1120,13481,3851
,,,,,,,,1121,13421,3833
,,,,,,,,1122,13153,3757
,,,,,,,,1123,12657,3615
,,,,,,,,1124,12393,3540
,,,,,,,,1125,12326,3521
,,,,,,,,1126,11637,3323
,,,,,,,,1127,10661,3045
,,,,,,,,1128,9649,2755
,,,,,,,,1129,8831,2522
,,,,,,,,1130,8319,2376
,,,,,,,,1131,7971,2277
,,,,,,,,1132,7771,2219
,,,,,,,,1133,7740,2210
,,,,,,,,1134,7903,2257
,,,,,,,,1135,8195,2340
,,,,,,,,1136,8851,2528
,,,,,,,,1137,9711,2773
,,,,,,,,1138,10476,2992
,,,,,,,,1139,11040,3153
,,,,,,,,1140,11402,3256
,,,,,,,,1141,11628,3321
,,,,,,,,1142,11767,3361
,,,,,,,,1143,11836,3381
,,,,,,,,1144,11812,3373
,,,,,,,,1145,11747,3355
,,,,,,,,1146,11578,3306
,,,,,,,,1147,11236,3209
,,,,,,,,1148,11082,3166
,,,,,,,,1149,11053,3157
,,,,,,,,1150,10498,2998
,,,,,,,,1151,9703,2771
,,,,,,,,1152,8853,2529
,,,,,,,,1153,8179,2336
,,,,,,,,1154,7700,2199
,,,,,,,,1155,7398,2113
,,,,,,,,1156,7203,2057
,,,,,,,,1157,7142,2039
,,,,,,,,1158,7214,2060
,,,,,,,,1159,7301,2085
,,,,,,,,1160,7843,2240
,,,,,,,,1161,8673,2477
,,,,,,,,1162,9447,2698
,,,,,,,,1163,10041,2868
,,,,,,,,1164,10502,3000
,,,,,,,,1165,10865,3103
,,,,,,,,1166,11064,3160
,,,,,,,,1167,11245,3212
,,,,,,,,1168,11428,3264
,,,,,,,,1169,11611,3316
,,,,,,,,1170,11704,3342
,,,,,,,,1171,11491,3281
,,,,,,,,1172,11357,3244
,,,,,,,,1173,11389,3253
,,,,,,,,1174,10685,3051
,,,,,,,,1175,9703,2771
,,,,,,,,1176,8820,2519
,,,,,,,,1177,6750,1928
,,,,,,,,1178,6410,1831
,,,,,,,,1179,6232,1780
,,,,,,,,1180,6190,1768
,,,,,,,,1181,6339,1810
,,,,,,,,1182,6905,1972
,,,,,,,,1183,7872,2249
,,,,,,,,1184,8655,2472
,,,,,,,,1185,9215,2632
,,,,,,,,1186,9691,2767
,,,,,,,,1187,9958,2844
,,,,,,,,1188,10027,2864
,,,,,,,,1189,9900,2828
,,,,,,,,1190,9694,2768
,,,,,,,,1191,9270,2647
,,,,,,,,1192,8829,2521
,,,,,,,,1193,8607,2458
,,,,,,,,1194,8629,2464
,,,,,,,,1195,8384,2394
,,,,,,,,1196,7789,2224
,,,,,,,,1197,7274,2078
,,,,,,,,1198,6786,1938
,,,,,,,,1199,6243,1783
,,,,,,,,1200,5745,1641
,,,,,,,,1201,5396,1541
,,,,,,,,1202,5207,1487
,,,,,,,,1203,5105,1457
,,,,,,,,1204,5098,1456
,,,,,,,,1205,5246,1498
,,,,,,,,1206,5692,1626
,,,,,,,,1207,6529,1864
,,,,,,,,1208,7244,2068
,,,,,,,,1209,7692,2197
,,,,,,,,1210,8046,2298
,,,,,,,,1211,8334,2379
,,,,,,,,1212,8479,2421
,,,,,,,,1213,8558,2444
,,,,,,,,1214,8583,2451
,,,,,,,,1215,8515,2432
,,,,,,,,1216,8522,2434
,,,,,,,,1217,8707,2486
,,,,,,,,1218,9186,2624
,,,,,,,,1219,9486,2709
,,,,,,,,1220,9235,2637
,,,,,,,,1221,8834,2523
,,,,,,,,1222,8155,2329
,,,,,,,,1223,7406,2115
,,,,,,,,1224,6727,1921
,,,,,,,,1225,6274,1792
,,,,,,,,1226,6017,1718
,,,,,,,,1227,5876,1678
,,,,,,,,1228,5849,1670
,,,,,,,,1229,6002,1714
,,,,,,,,1230,6592,1883
,,,,,,,,1231,7764,2218
,,,,,,,,1232,8532,2436
,,,,,,,,1233,8721,2490
,,,,,,,,1234,8900,2542
,,,,,,,,1235,9050,2584
,,,,,,,,1236,9105,2600
,,,,,,,,1237,9076,2592
,,,,,,,,1238,9058,2587
,,,,,,,,1239,8983,2565
,,,,,,,,1240,8949,2555
,,,,,,,,1241,9055,2586
,,,,,,,,1242,9309,2659
,,,,,,,,1243,9488,2710
,,,,,,,,1244,9292,2654
,,,,,,,,1245,9063,2589
,,,,,,,,1246,8543,2439
,,,,,,,,1247,7755,2214
,,,,,,,,1248,7018,2004
,,,,,,,,1249,6536,1867
,,,,,,,,1250,6281,1793
,,,,,,,,1251,6141,1753
,,,,,,,,1252,6110,1745
,,,,,,,,1253,6288,1795
,,,,,,,,1254,6921,1977
,,,,,,,,1255,8159,2330
,,,,,,,,1256,8917,2547
,,,,,,,,1257,9048,2584
,,,,,,,,1258,9160,2616
,,,,,,,,1259,9242,2639
,,,,,,,,1260,9238,2638
,,,,,,,,1261,9182,2622
,,,,,,,,1262,9152,2614
,,,,,,,,1263,9066,2589
,,,,,,,,1264,9037,2581
,,,,,,,,1265,9198,2627
,,,,,,,,1266,9718,2775
,,,,,,,,1267,10165,2903
,,,,,,,,1268,9996,2855
,,,,,,,,1269,9595,2740
,,,,,,,,1270,8941,2553
,,,,,,,,1271,8071,2304
,,,,,,,,1272,7293,2083
,,,,,,,,1273,6751,1928
,,,,,,,,1274,6452,1843
,,,,,,,,1275,6288,1796
,,,,,,,,1276,6255,1786
,,,,,,,,1277,6423,1834
,,,,,,,,1278,7062,2017
,,,,,,,,1279,8312,2374
,,,,,,,,1280,9124,2605
,,,,,,,,1281,9279,2649
,,,,,,,,1282,9383,2680
,,,,,,,,1283,9459,2701
,,,,,,,,1284,9385,2680
,,,,,,,,1285,9305,2657
,,,,,,,,1286,9291,2654
,,,,,,,,1287,9200,2627
,,,,,,,,1288,9147,2612
,,,,,,,,1289,9297,2655
,,,,,,,,1290,9724,2777
,,,,,,,,1291,10063,2874
,,,,,,,,1292,9823,2805
,,,,,,,,1293,9456,2700
,,,,,,,,1294,8934,2551
,,,,,,,,1295,8225,2349
,,,,,,,,1296,7491,2139
,,,,,,,,1297,6933,1980
,,,,,,,,1298,6589,1882
,,,,,,,,1299,6424,1834
,,,,,,,,1300,6346,1813
,,,,,,,,1301,6398,1827
,,,,,,,,1302,6647,1898
,,,,,,,,1303,7168,2047
,,,,,,,,1304,7730,2208
,,,,,,,,1305,8280,2364
,,,,,,,,1306,8666,2474
,,,,,,,,1307,8792,2511
,,,,,,,,1308,8748,2498
,,,,,,,,1309,8634,2466
,,,,,,,,1310,8481,2422
,,,,,,,,1311,8362,2388
,,,,,,,,1312,8316,2374
,,,,,,,,1313,8517,2432
,,,,,,,,1314,9069,2590
,,,,,,,,1315,9568,2732
,,,,,,,,1316,9365,2675
,,,,,,,,1317,9078,2593
,,,,,,,,1318,8656,2472
,,,,,,,,1319,8089,2310
,,,,,,,,1320,7494,2140
,,,,,,,,1321,6949,1984
,,,,,,,,1322,6507,1858
,,,,,,,,1323,6314,1803
,,,,,,,,1324,6304,1800
,,,,,,,,1325,6414,1832
,,,,,,,,1326,6687,1910
,,,,,,,,1327,7075,2020
,,,,,,,,1328,7640,2182
,,,,,,,,1329,8202,2342
,,,,,,,,1330,8477,2420
,,,,,,,,1331,8510,2430
,,,,,,,,1332,8481,2422
,,,,,,,,1333,8428,2407
,,,,,,,,1334,8366,2389
,,,,,,,,1335,8342,2383
,,,,,,,,1336,8492,2425
,,,,,,,,1337,9285,2651
,,,,,,,,1338,9997,2855
,,,,,,,,1339,10020,2861
,,,,,,,,1340,9713,2774
,,,,,,,,1341,9387,2680
,,,,,,,,1342,8555,2443
,,,,,,,,1343,7755,2215
,,,,,,,,1344,7082,2023
,,,,,,,,1345,6683,1908
,,,,,,,,1346,6430,1836
,,,,,,,,1347,6310,1802
,,,,,,,,1348,6315,1803
,,,,,,,,1349,6511,1859
,,,,,,,,1350,7110,2030
,,,,,,,,1351,8009,2288
,,,,,,,,1352,8719,2490
,,,,,,,,1353,9184,2623
,,,,,,,,1354,9447,2698
,,,,,,,,1355,9603,2742
,,,,,,,,1356,9638,2753
,,,,,,,,1357,9594,2740
,,,,,,,,1358,9550,2727
,,,,,,,,1359,9478,2707
,,,,,,,,1360,9487,2710
,,,,,,,,1361,10163,2903
,,,,,,,,1362,10878,3106
,,,,,,,,1363,10702,3056
,,,,,,,,1364,10322,2948
,,,,,,,,1365,9805,2800
,,,,,,,,1366,9036,2580
,,,,,,,,1367,8126,2321
,,,,,,,,1368,7360,2102
,,,,,,,,1369,6825,1949
,,,,,,,,1370,6525,1863
,,,,,,,,1371,6366,1818
,,,,,,,,1372,6353,1814
,,,,,,,,1373,6544,1868
,,,,,,,,1374,7251,2071
,,,,,,,,1375,8516,2432
,,,,,,,,1376,9268,2647
,,,,,,,,1377,9477,2706
,,,,,,,,1378,9630,2750
,,,,,,,,1379,9780,2793
,,,,,,,,1380,9832,2808
,,,,,,,,1381,9815,2803
,,,,,,,,1382,9821,2805
,,,,,,,,1383,9773,2791
,,,,,,,,1384,9871,2819
,,,,,,,,1385,10449,2985
,,,,,,,,1386,11079,3165
,,,,,,,,1387,10981,3136
,,,,,,,,1388,10679,3050
,,,,,,,,1389,10229,2921
,,,,,,,,1390,9529,2721
,,,,,,,,1391,8609,2459
,,,,,,,,1392,7809,2230
,,,,,,,,1393,7299,2084
,,,,,,,,1394,7024,2006
,,,,,,,,1395,6910,1973
,,,,,,,,1396,6923,1977
,,,,,,,,1397,7172,2048
,,,,,,,,1398,7956,2272
,,,,,,,,1399,9281,2650
,,,,,,,,1400,9915,2832
,,,,,,,,1401,9989,2853
,,,,,,,,1402,9955,2843
,,,,,,,,1403,9932,2836
,,,,,,,,1404,9850,2813
,,,,,,,,1405,9737,2780
,,,,,,,,1406,9660,2759
,,,,,,,,1407,9608,2744
,,,,,,,,1408,9711,2774
,,,,,,,,1409,10407,2972
,,,,,,,,1410,11254,3214
,,,,,,,,1411,11216,3203
,,,,,,,,1412,10959,3130
,,,,,,,,1413,10560,3016
,,,,,,,,1414,9865,2817
,,,,,,,,1415,8966,2560
,,,,,,,,1416,8145,2326
,,,,,,,,1417,7604,2172
,,,,,,,,1418,7334,2094
,,,,,,,,1419,7209,2058
,,,,,,,,1420,7240,2068
,,,,,,,,1421,7477,2135
,,,,,,,,1422,8217,2347
,,,,,,,,1423,9528,2721
,,,,,,,,1424,10187,2910
,,,,,,,,1425,10291,2939
,,,,,,,,1426,10298,2941
,,,,,,,,1427,10272,2934
,,,,,,,,1428,10173,2905
,,,,,,,,1429,10035,2866
,,,,,,,,1430,9986,2852
,,,,,,,,1431,9905,2829
,,,,,,,,1432,10024,2863
,,,,,,,,1433,10758,3072
,,,,,,,,1434,11410,3259
,,,,,,,,1435,11345,3240
,,,,,,,,1436,11079,3164
,,,,,,,,1437,10654,3042
,,,,,,,,1438,9940,2839
,,,,,,,,1439,9032,2580
,,,,,,,,1440,8197,2341
,,,,,,,,1441,7669,2190
,,,,,,,,1442,7389,2110
,,,,,,,,1443,7243,2068
,,,,,,,,1444,7254,2072
,,,,,,,,1445,7472,2134
,,,,,,,,1446,8199,2341
,,,,,,,,1447,9450,2699
,,,,,,,,1448,10097,2884
,,,,,,,,1449,10220,2919
,,,,,,,,1450,10189,2910
,,,,,,,,1451,10148,2898
,,,,,,,,1452,10022,2862
,,,,,,,,1453,9891,2825
,,,,,,,,1454,9840,2810
,,,,,,,,1455,9760,2787
,,,,,,,,1456,9800,2799
,,,,,,,,1457,10442,2982
,,,,,,,,1458,11013,3146
,,,,,,,,1459,10864,3102
,,,,,,,,1460,10550,3013
,,,,,,,,1461,10198,2912
,,,,,,,,1462,9661,2760
,,,,,,,,1463,8967,2561
,,,,,,,,1464,8226,2349
,,,,,,,,1465,7654,2186
,,,,,,,,1466,7337,2095
,,,,,,,,1467,7190,2054
,,,,,,,,1468,7152,2043
,,,,,,,,1469,7232,2065
,,,,,,,,1470,7545,2154
,,,,,,,,1471,8047,2299
,,,,,,,,1472,8588,2453
,,,,,,,,1473,9077,2592
,,,,,,,,1474,9312,2659
,,,,,,,,1475,9299,2656
,,,,,,,,1476,9181,2622
,,,,,,,,1477,9000,2570
,,,,,,,,1478,8811,2516
,,,,,,,,1479,8691,2482
,,,,,,,,1480,8794,2512
,,,,,,,,1481,9530,2721
,,,,,,,,1482,10269,2933
,,,,,,,,1483,10163,2902
,,,,,,,,1484,9887,2824
,,,,,,,,1485,9591,2739
,,,,,,,,1486,9155,2614
,,,,,,,,1487,8609,2459
,,,,,,,,1488,7998,2284
,,,,,,,,1489,7508,2144
,,,,,,,,1490,7225,2063
,,,,,,,,1491,7088,2024
,,,,,,,,1492,7040,2010
,,,,,,,,1493,7101,2028
,,,,,,,,1494,7334,2094
,,,,,,,,1495,7705,2200
,,,,,,,,1496,8157,2329
,,,,,,,,1497,8671,2476
,,,,,,,,1498,8939,2553
,,,,,,,,1499,9005,2572
,,,,,,,,1500,8996,2569
,,,,,,,,1501,8922,2548
,,,,,,,,1502,8825,2520
,,,,,,,,1503,8781,2508
,,,,,,,,1504,8986,2566
,,,,,,,,1505,9858,2815
,,,,,,,,1506,10631,3036
,,,,,,,,1507,10584,3022
,,,,,,,,1508,10304,2943
,,,,,,,,1509,9937,2838
,,,,,,,,1510,9289,2653
,,,,,,,,1511,8529,2436
,,,,,,,,1512,7851,2242
,,,,,,,,1513,7591,2168
,,,,,,,,1514,7327,2093
,,,,,,,,1515,7218,2061
,,,,,,,,1516,7223,2063
,,,,,,,,1517,7490,2138
,,,,,,,,1518,8250,2356
,,,,,,,,1519,9590,2739
,,,,,,,,1520,10268,2932
,,,,,,,,1521,10326,2949
,,,,,,,,1522,10344,2954
,,,,,,,,1523,10330,2950
,,,,,,,,1524,10270,2933
,,,,,,,,1525,10187,2910
,,,,,,,,1526,10113,2888
,,,,,,,,1527,10009,2859
,,,,,,,,1528,10116,2890
,,,,,,,,1529,10950,3127
,,,,,,,,1530,11774,3362
,,,,,,,,1531,11759,3358
,,,,,,,,1532,11508,3286
,,,,,,,,1533,11055,3157
,,,,,,,,1534,10308,2944
,,,,,,,,1535,9326,2664
,,,,,,,,1536,8445,2412
,,,,,,,,1537,7899,2256
,,,,,,,,1538,7613,2174
,,,,,,,,1539,7477,2135
,,,,,,,,1540,7470,2134
,,,,,,,,1541,7699,2199
,,,,,,,,1542,8428,2407
,,,,,,,,1543,9761,2787
,,,,,,,,1544,10471,2991
,,,,,,,,1545,10643,3040
,,,,,,,,1546,10719,3061
,,,,,,,,1547,10802,3085
,,,,,,,,1548,10835,3095
,,,,,,,,1549,10820,3090
,,,,,,,,1550,10811,3087
,,,,,,,,1551,10750,3070
,,,,,,,,1552,10888,3110
,,,,,,,,1553,11635,3323
,,,,,,,,1554,12129,3464
,,,,,,,,1555,12036,3437
,,,,,,,,1556,11714,3346
,,,,,,,,1557,11207,3201
,,,,,,,,1558,10396,2969
,,,,,,,,1559,9383,2680
,,,,,,,,1560,8476,2420
,,,,,,,,1561,7885,2252
,,,,,,,,1562,7571,2162
,,,,,,,,1563,7443,2125
,,,,,,,,1564,7441,2125
,,,,,,,,1565,7675,2192
,,,,,,,,1566,8416,2404
,,,,,,,,1567,9770,2790
,,,,,,,,1568,10485,2995
,,,,,,,,1569,10564,3017
,,,,,,,,1570,10582,3022
,,,,,,,,1571,10613,3030
,,,,,,,,1572,10530,3007
,,,,,,,,1573,10401,2970
,,,,,,,,1574,10370,2961
,,,,,,,,1575,10343,2954
,,,,,,,,1576,10495,2997
,,,,,,,,1577,11316,3231
,,,,,,,,1578,11972,3420
,,,,,,,,1579,11906,3400
,,,,,,,,1580,11643,3325
,,,,,,,,1581,11225,3205
,,,,,,,,1582,10509,3001
,,,,,,,,1583,9533,2722
,,,,,,,,1584,8640,2468
,,,,,,,,1585,8064,2303
,,,,,,,,1586,7777,2221
,,,,,,,,1587,7656,2187
,,,,,,,,1588,7656,2187
,,,,,,,,1589,7876,2249
,,,,,,,,1590,8638,2467
,,,,,,,,1591,10000,2856
,,,,,,,,1592,10639,3038
,,,,,,,,1593,10637,3038
,,,,,,,,1594,10562,3016
,,,,,,,,1595,10524,3005
,,,,,,,,1596,10445,2983
,,,,,,,,1597,10288,2938
,,,,,,,,1598,10236,2923
,,,,,,,,1599,10145,2897
,,,,,,,,1600,10265,2931
,,,,,,,,1601,11055,3157
,,,,,,,,1602,11768,3361
,,,,,,,,1603,11814,3374
,,,,,,,,1604,11582,3308
,,,,,,,,1605,11129,3179
,,,,,,,,1606,10395,2969
,,,,,,,,1607,9403,2685
,,,,,,,,1608,8491,2424
,,,,,,,,1609,7901,2257
,,,,,,,,1610,7603,2171
,,,,,,,,1611,7457,2129
,,,,,,,,1612,7466,2132
,,,,,,,,1613,7706,2201
,,,,,,,,1614,8471,2419
,,,,,,,,1615,9807,2800
,,,,,,,,1616,10487,2995
,,,,,,,,1617,10654,3043
,,,,,,,,1618,10702,3056
,,,,,,,,1619,10664,3046
,,,,,,,,1620,10581,3022
,,,,,,,,1621,10479,2993
,,,,,,,,1622,10449,2985
,,,,,,,,1623,10415,2975
,,,,,,,,1624,10576,3020
,,,,,,,,1625,11391,3253
,,,,,,,,1626,11822,3376
,,,,,,,,1627,11637,3323
,,,,,,,,1628,11339,3238
,,,,,,,,1629,10964,3131
,,,,,,,,1630,10392,2968
,,,,,,,,1631,9588,2738
,,,,,,,,1632,8754,2500
,,,,,,,,1633,8122,2319
,,,,,,,,1634,7753,2214
,,,,,,,,1635,7577,2164
,,,,,,,,1636,7518,2147
,,,,,,,,1637,7587,2167
,,,,,,,,1638,7872,2248
,,,,,,,,1639,8448,2413
,,,,,,,,1640,9091,2596
,,,,,,,,1641,9795,2797
,,,,,,,,1642,10257,2930
,,,,,,,,1643,10471,2991
,,,,,,,,1644,10496,2997
,,,,,,,,1645,10450,2985
,,,,,,,,1646,10350,2955
,,,,,,,,1647,10280,2936
,,,,,,,,1648,10408,2972
,,,,,,,,1649,11104,3171
,,,,,,,,1650,11406,3257
,,,,,,,,1651,11218,3204
,,,,,,,,1652,10853,3100
,,,,,,,,1653,10480,2993
,,,,,,,,1654,9965,2846
,,,,,,,,1655,9253,2643
,,,,,,,,1656,8473,2419
,,,,,,,,1657,7866,2246
,,,,,,,,1658,7485,2138
,,,,,,,,1659,7259,2073
,,,,,,,,1660,7155,2044
,,,,,,,,1661,7164,2046
,,,,,,,,1662,7338,2095
,,,,,,,,1663,7708,2201
,,,,,,,,1664,8182,2337
,,,,,,,,1665,8826,2520
,,,,,,,,1666,9296,2655
,,,,,,,,1667,9508,2715
,,,,,,,,1668,9577,2735
,,,,,,,,1669,9583,2737
,,,,,,,,1670,9478,2707
,,,,,,,,1671,9384,2680
,,,,,,,,1672,9519,2719
,,,,,,,,1673,10454,2985
,,,,,,,,1674,11026,3149
,,,,,,,,1675,10901,3113
,,,,,,,,1676,10594,3025
,,,,,,,,1677,10134,2894
,,,,,,,,1678,9398,2684
,,,,,,,,1679,8490,2424
,,,,,,,,1680,7652,2185
,,,,,,,,1681,7970,2276
,,,,,,,,1682,7576,2164
,,,,,,,,1683,7430,2122
,,,,,,,,1684,7412,2117
,,,,,,,,1685,7658,2187
,,,,,,,,1686,8378,2393
,,,,,,,,1687,9688,2766
,,,,,,,,1688,10594,3025
,,,,,,,,1689,10868,3104
,,,,,,,,1690,10975,3135
,,,,,,,,1691,11084,3166
,,,,,,,,1692,11101,3170
,,,,,,,,1693,11032,3150
,,,,,,,,1694,10988,3138
,,,,,,,,1695,10911,3115
,,,,,,,,1696,11057,3158
,,,,,,,,1697,11885,3394
,,,,,,,,1698,12358,3530
,,,,,,,,1699,12236,3495
,,,,,,,,1700,11929,3406
,,,,,,,,1701,11458,3272
,,,,,,,,1702,10660,3045
,,,,,,,,1703,9581,2736
,,,,,,,,1704,8551,2442
,,,,,,,,1705,7846,2241
,,,,,,,,1706,7499,2142
,,,,,,,,1707,7307,2087
,,,,,,,,1708,7270,2076
,,,,,,,,1709,7457,2129
,,,,,,,,1710,8157,2329
,,,,,,,,1711,9462,2702
,,,,,,,,1712,10299,2941
,,,,,,,,1713,10434,2980
,,,,,,,,1714,10482,2994
,,,,,,,,1715,10545,3011
,,,,,,,,1716,10526,3006
,,,,,,,,1717,10414,2975
,,,,,,,,1718,10366,2960
,,,,,,,,1719,10287,2938
,,,,,,,,1720,10414,2974
,,,,,,,,1721,11220,3205
,,,,,,,,1722,11815,3374
,,,,,,,,1723,11739,3352
,,,,,,,,1724,11469,3276
,,,,,,,,1725,11037,3152
,,,,,,,,1726,10308,2944
,,,,,,,,1727,9289,2653
,,,,,,,,1728,8287,2367
,,,,,,,,1729,7571,2162
,,,,,,,,1730,7214,2060
,,,,,,,,1731,7066,2018
,,,,,,,,1732,7064,2018
,,,,,,,,1733,7305,2086
,,,,,,,,1734,8040,2296
,,,,,,,,1735,9396,2683
,,,,,,,,1736,10188,2910
,,,,,,,,1737,10302,2942
,,,,,,,,1738,10320,2947
,,,,,,,,1739,10324,2949
,,,,,,,,1740,10273,2934
,,,,,,,,1741,10179,2907
,,,,,,,,1742,10191,2910
,,,,,,,,1743,10181,2908
,,,,,,,,1744,10321,2948
,,,,,,,,1745,11211,3202
,,,,,,,,1746,11925,3406
,,,,,,,,1747,11886,3394
,,,,,,,,1748,11642,3325
,,,,,,,,1749,11261,3216
,,,,,,,,1750,10572,3020
,,,,,,,,1751,9554,2729
,,,,,,,,1752,8528,2435
,,,,,,,,1753,7849,2242
,,,,,,,,1754,7476,2135
,,,,,,,,1755,7318,2090
,,,,,,,,1756,7319,2090
,,,,,,,,1757,7565,2160
,,,,,,,,1758,8336,2380
,,,,,,,,1759,9713,2774
,,,,,,,,1760,10423,2977
,,,,,,,,1761,10524,3005
,,,,,,,,1762,10487,2995
,,,,,,,,1763,10425,2977
,,,,,,,,1764,10316,2946
,,,,,,,,1765,10163,2903
,,,,,,,,1766,10143,2897
,,,,,,,,1767,10178,2907
,,,,,,,,1768,10405,2971
,,,,,,,,1769,11272,3219
,,,,,,,,1770,11889,3396
,,,,,,,,1771,11819,3376
,,,,,,,,1772,11594,3311
,,,,,,,,1773,11266,3217
,,,,,,,,1774,10591,3025
,,,,,,,,1775,9576,2735
,,,,,,,,1776,8585,2452
,,,,,,,,1777,7884,2252
,,,,,,,,1778,7487,2138
,,,,,,,,1779,7295,2083
,,,,,,,,1780,7292,2083
,,,,,,,,1781,7473,2134
,,,,,,,,1782,8136,2324
,,,,,,,,1783,9371,2676
,,,,,,,,1784,10270,2933
,,,,,,,,1785,10570,3019
,,,,,,,,1786,10718,3061
,,,,,,,,1787,10774,3077
,,,,,,,,1788,10732,3065
,,,,,,,,1789,10536,3009
,,,,,,,,1790,10385,2966
,,,,,,,,1791,10180,2907
,,,,,,,,1792,10127,2892
,,,,,,,,1793,10860,3101
,,,,,,,,1794,11395,3255
,,,,,,,,1795,11216,3203
,,,,,,,,1796,10903,3114
,,,,,,,,1797,10530,3007
,,,,,,,,1798,10004,2857
,,,,,,,,1799,9233,2637
,,,,,,,,1800,8344,2383
,,,,,,,,1801,7689,2196
,,,,,,,,1802,7298,2084
,,,,,,,,1803,7081,2023
,,,,,,,,1804,7021,2005
,,,,,,,,1805,7089,2024
,,,,,,,,1806,7337,2095
,,,,,,,,1807,7883,2251
,,,,,,,,1808,8505,2429
,,,,,,,,1809,9213,2631
,,,,,,,,1810,9678,2764
,,,,,,,,1811,9830,2807
,,,,,,,,1812,9865,2818
,,,,,,,,1813,9798,2798
,,,,,,,,1814,9722,2776
,,,,,,,,1815,9709,2773
,,,,,,,,1816,9875,2820
,,,,,,,,1817,10741,3067
,,,,,,,,1818,11428,3264
,,,,,,,,1819,11394,3254
,,,,,,,,1820,11154,3185
,,,,,,,,1821,10865,3103
,,,,,,,,1822,10443,2982
,,,,,,,,1823,9751,2785
,,,,,,,,1824,8930,2550
,,,,,,,,1825,8253,2357
,,,,,,,,1826,7822,2234
,,,,,,,,1827,7593,2169
,,,,,,,,1828,7487,2138
,,,,,,,,1829,7505,2144
,,,,,,,,1830,7709,2202
,,,,,,,,1831,8124,2320
,,,,,,,,1832,8572,2448
,,,,,,,,1833,9157,2615
,,,,,,,,1834,9539,2725
,,,,,,,,1835,9669,2761
,,,,,,,,1836,9753,2785
,,,,,,,,1837,9784,2794
,,,,,,,,1838,9718,2775
,,,,,,,,1839,9642,2754
,,,,,,,,1840,9703,2771
,,,,,,,,1841,10576,3020
,,,,,,,,1842,11314,3231
,,,,,,,,1843,11306,3229
,,,,,,,,1844,11099,3170
,,,,,,,,1845,10825,3091
,,,,,,,,1846,10312,2945
,,,,,,,,1847,9579,2735
,,,,,,,,1848,8713,2488