Time_Index,CT_NG,MA_NG,None
0,0.05306,0.05306,0
1,5.45,5.28,0
2,5.45,5.28,0
3,5.45,5.28,0
4,5.45,5.28,0
5,5.45,5.28,0
6,5.45,5.28,0
7,5.45,5.28,0
8,5.45,5.28,0
9,5.45,5.28,0
10,5.45,5.28,0
11,5.45,5.28,0
12,5.45,5.28,0
13,5.45,5.28,0
14,5.45,5.28,0
15,5.45,5.28,0
16,5.45,5.28,0
17,5.45,5.28,0
18,5.45,5.28,0
19,5.45,5.28,0
20,5.45,5.28,0
21,5.45,5.28,0
22,5.45,5.28,0
23,5.45,5.28,0
24,5.45,5.28,0
25,5.45,5.28,0
26,5.45,5.28,0
27,5.45,5.28,0
28,5.45,5.28,0
29,5.45,5.28,0
30,5.45,5.28,0
31,5.45,5.28,0
32,5.45,5.28,0
33,5.45,5.28,0
34,5.45,5.28,0
35,5.45,5.28,0
36,5.45,5.28,0
37,5.45,5.28,0
38,5.45,5.28,0
39,5.45,5.28,0
40,5.45,5.28,0
41,5.45,5.28,0
42,5.45,5.28,0
43,5.45,5.28,0
44,5.45,5.28,0
45,5.45,5.28,0
46,5.45,5.28,0
47,5.45,5.28,0
48,5.45,5.28,0
49,5.45,5.28,0
50,5.45,5.28,0
51,5.45,5.28,0
52,5.45,5.28,0
53,5.45,5.28,0
54,5.45,5.28,0
55,5.45,5.28,0
56,5.45,5.28,0
57,5.45,5.28,0
58,5.45,5.28,0
59,5.45,5.28,0
60,5.45,5.28,0
61,5.45,5.28,0
62,5.45,5.28,0
63,5.45,5.28,0
64,5.45,5.28,0
65,5.45,5.28,0
66,5.45,5.28,0
67,5.45,5.28,0
68,5.45,5.28,0
69,5.45,5.28,0
70,5.45,5.28,0
71,5.45,5.28,0
72,5.45,5.28,0
73,5.45,5.28,0
74,5.45,5.28,0
75,5.45,5.28,0
76,5.45,5.28,0
77,5.45,5.28,0
78,5.45,5.28,0
79,5.45,5.28,0
80,5.45,5.28,0
81,5.45,5.28,0
82,5.45,5.28,0
83,5.45,5.28,0
84,5.45,5.28,0
85,5.45,5.28,0
86,5.45,5.28,0
87,5.45,5.28,0
88,5.45,5.28,0
89,5.45,5.28,0
90,5.45,5.28,0
91,5.45,5.28,0
92,5.45,5.28,0
93,5.45,5.28,0
94,5.45,5.28,0
95,5.45,5.28,0
96,5.45,5.28,0
97,5.45,5.28,0
98,5.45,5.28,0
99,5.45,5.28,0
100,5.45,5.28,0
101,5.45,5.28,0
102,5.45,5.28,0
103,5.45,5.28,0
104,5.45,5.28,0
105,5.45,5.28,0
106,5.45,5.28,0
107,5.45,5.28,0
108,5.45,5.28,0
109,5.45,5.28,0
110,5.45,5.28,0
111,5.45,5.28,0
112,5.45,5.28,0
113,5.45,5.28,0
114,5.45,5.28,0
115,5.45,5.28,0
116,5.45,5.28,0
117,5.45,5.28,0
118,5.45,5.28,0
119,5.45,5.28,0
120,5.45,5.28,0
121,5.45,5.28,0
122,5.45,5.28,0
123,5.45,5.28,0
124,5.45,5.28,0
125,5.45,5.28,0
126,5.45,5.28,0
127,5.45,5.28,0
128,5.45,5.28,0
129,5.45,5.28,0
130,5.45,5.28,0
131,5.45,5.28,0
132,5.45,5.28,0
133,5.45,5.28,0
134,5.45,5.28,0
135,5.45,5.28,0
136,5.45,5.28,0
137,5.45,5.28,0
138,5.45,5.28,0
139,5.45,5.28,0
140,5.45,5.28,0
141,5.45,5.28,0
142,5.45,5.28,0
143,5.45,5.28,0
144,5.45,5.28,0
145,5.45,5.28,0
146,5.45,5.28,0
147,5.45,5.28,0
148,5.45,5.28,0
149,5.45,5.28,0
150,5.45,5.28,0
151,5.45,5.28,0
152,5.45,5.28,0
153,5.45,5.28,0
154,5.45,5.28,0
155,5.45,5.28,0
156,5.45,5.28,0
157,5.45,5.28,0
158,5.45,5.28,0
159,5.45,5.28,0
160,5.45,5.28,0
161,5.45,5.28,0
162,5.45,5.28,0
163,5.45,5.28,0
164,5.45,5.28,0
165,5.45,5.28,0
166,5.45,5.28,0
167,5.45,5.28,0
168,5.45,5.28,0
169,4.09,3.98,0
170,4.09,3.98,0
171,4.09,3.98,0
172,4.09,3.98,0
173,4.09,3.98,0
174,4.09,3.98,0
175,4.09,3.98,0
176,4.09,3.98,0
177,4.09,3.98,0
178,4.09,3.98,0
179,4.09,3.98,0
180,4.09,3.98,0
181,4.09,3.98,0
182,4.09,3.98,0
183,4.09,3.98,0
184,4.09,3.98,0
185,4.09,3.98,0
186,4.09,3.98,0
187,4.09,3.98,0
188,4.09,3.98,0
189,4.09,3.98,0
190,4.09,3.98,0
191,4.09,3.98,0
192,4.09,3.98,0
193,4.09,3.98,0
194,4.09,3.98,0
195,4.09,3.98,0
196,4.09,3.98,0
197,4.09,3.98,0
198,4.09,3.98,0
199,4.09,3.98,0
200,4.09,3.98,0
201,4.09,3.98,0
202,4.09,3.98,0
203,4.09,3.98,0
204,4.09,3.98,0
205,4.09,3.98,0
206,4.09,3.98,0
207,4.09,3.98,0
208,4.09,3.98,0
209,4.09,3.98,0
210,4.09,3.98,0
211,4.09,3.98,0
212,4.09,3.98,0
213,4.09,3.98,0
214,4.09,3.98,0
215,4.09,3.98,0
216,4.09,3.98,0
217,4.09,3.98,0
218,4.09,3.98,0
219,4.09,3.98,0
220,4.09,3.98,0
221,4.09,3.98,0
222,4.09,3.98,0
223,4.09,3.98,0
224,4.09,3.98,0
225,4.09,3.98,0
226,4.09,3.98,0
227,4.09,3.98,0
228,4.09,3.98,0
229,4.09,3.98,0
230,4.09,3.98,0
231,4.09,3.98,0
232,4.09,3.98,0
233,4.09,3.98,0
234,4.09,3.98,0
235,4.09,3.98,0
236,4.09,3.98,0
237,4.09,3.98,0
238,4.09,3.98,0
239,4.09,3.98,0
240,4.09,3.98,0
241,4.09,3.98,0
242,4.09,3.98,0
243,4.09,3.98,0
244,4.09,3.98,0
245,4.09,3.98,0
246,4.09,3.98,0
247,4.09,3.98,0
248,4.09,3.98,0
249,4.09,3.98,0
250,4.09,3.98,0
251,4.09,3.98,0
252,4.09,3.98,0
253,4.09,3.98,0
254,4.09,3.98,0
255,4.09,3.98,0
256,4.09,3.98,0
257,4.09,3.98,0
258,4.09,3.98,0
259,4.09,3.98,0
260,4.09,3.98,0
261,4.09,3.98,0
262,4.09,3.98,0
263,4.09,3.98,0
264,4.09,3.98,0
265,4.09,3.98,0
266,4.09,3.98,0
267,4.09,3.98,0
268,4.09,3.98,0
269,4.09,3.98,0
270,4.09,3.98,0
271,4.09,3.98,0
272,4.09,3.98,0
273,4.09,3.98,0
274,4.09,3.98,0
275,4.09,3.98,0
276,4.09,3.98,0
277,4.09,3.98,0
278,4.09,3.98,0
279,4.09,3.98,0
280,4.09,3.98,0
281,4.09,3.98,0
282,4.09,3.98,0
283,4.09,3.98,0
284,4.09,3.98,0
285,4.09,3.98,0
286,4.09,3.98,0
287,4.09,3.98,0
288,4.09,3.98,0
289,4.09,3.98,0
290,4.09,3.98,0
291,4.09,3.98,0
292,4.09,3.98,0
293,4.09,3.98,0
294,4.09,3.98,0
295,4.09,3.98,0
296,4.09,3.98,0
297,4.09,3.98,0
298,4.09,3.98,0
299,4.09,3.98,0
300,4.09,3.98,0
301,4.09,3.98,0
302,4.09,3.98,0
303,4.09,3.98,0
304,4.09,3.98,0
305,4.09,3.98,0
306,4.09,3.98,0
307,4.09,3.98,0
308,4.09,3.98,0
309,4.09,3.98,0
310,4.09,3.98,0
311,4.09,3.98,0
312,4.09,3.98,0
313,4.09,3.98,0
314,4.09,3.98,0
315,4.09,3.98,0
316,4.09,3.98,0
317,4.09,3.98,0
318,4.09,3.98,0
319,4.09,3.98,0
320,4.09,3.98,0
321,4.09,3.98,0
322,4.09,3.98,0
323,4.09,3.98,0
324,4.09,3.98,0
325,4.09,3.98,0
326,4.09,3.98,0
327,4.09,3.98,0
328,4.09,3.98,0
329,4.09,3.98,0
330,4.09,3.98,0
331,4.09,3.98,0
332,4.09,3.98,0
333,4.09,3.98,0
334,4.09,3.98,0
335,4.09,3.98,0
336,4.09,3.98,0
337,3.14,3.69,0
338,3.14,3.69,0
339,3.14,3.69,0
340,3.14,3.69,0
341,3.14,3.69,0
342,3.14,3.69,0
343,3.14,3.69,0
344,3.14,3.69,0
345,3.14,3.69,0
346,3.14,3.69,0
347,3.14,3.69,0
348,3.14,3.69,0
349,3.14,3.69,0
350,3.14,3.69,0
351,3.14,3.69,0
352,3.14,3.69,0
353,3.14,3.69,0
354,3.14,3.69,0
355,3.14,3.69,0
356,3.14,3.69,0
357,3.14,3.69,0
358,3.14,3.69,0
359,3.14,3.69,0
360,3.14,3.69,0
361,3.14,3.69,0
362,3.14,3.69,0
363,3.14,3.69,0
364,3.14,3.69,0
365,3.14,3.69,0
366,3.14,3.69,0
367,3.14,3.69,0
368,3.14,3.69,0
369,3.14,3.69,0
370,3.14,3.69,0
371,3.14,3.69,0
372,3.14,3.69,0
373,3.14,3.69,0
374,3.14,3.69,0
375,3.14,3.69,0
376,3.14,3.69,0
377,3.14,3.69,0
378,3.14,3.69,0
379,3.14,3.69,0
380,3.14,3.69,0
381,3.14,3.69,0
382,3.14,3.69,0
383,3.14,3.69,0
384,3.14,3.69,0
385,3.14,3.69,0
386,3.14,3.69,0
387,3.14,3.69,0
388,3.14,3.69,0
389,3.14,3.69,0
390,3.14,3.69,0
391,3.14,3.69,0
392,3.14,3.69,0
393,3.14,3.69,0
394,3.14,3.69,0
395,3.14,3.69,0
396,3.14,3.69,0
397,3.14,3.69,0
398,3.14,3.69,0
399,3.14,3.69,0
400,3.14,3.69,0
401,3.14,3.69,0
402,3.14,3.69,0
403,3.14,3.69,0
404,3.14,3.69,0
405,3.14,3.69,0
406,3.14,3.69,0
407,3.14,3.69,0
408,3.14,3.69,0
409,3.14,3.69,0
410,3.14,3.69,0
411,3.14,3.69,0
412,3.14,3.69,0
413,3.14,3.69,0
414,3.14,3.69,0
415,3.14,3.69,0
416,3.14,3.69,0
417,3.14,3.69,0
418,3.14,3.69,0
419,3.14,3.69,0
420,3.14,3.69,0
421,3.14,3.69,0
422,3.14,3.69,0
423,3.14,3.69,0
424,3.14,3.69,0
425,3.14,3.69,0
426,3.14,3.69,0
427,3.14,3.69,0
428,3.14,3.69,0
429,3.14,3.69,0
430,3.14,3.69,0
431,3.14,3.69,0
432,3.14,3.69,0
433,3.14,3.69,0
434,3.14,3.69,0
435,3.14,3.69,0
436,3.14,3.69,0
437,3.14,3.69,0
438,3.14,3.69,0
439,3.14,3.69,0
440,3.14,3.69,0
441,3.14,3.69,0
442,3.14,3.69,0
443,3.14,3.69,0
444,3.14,3.69,0
445,3.14,3.69,0
446,3.14,3.69,0
447,3.14,3.69,0
448,3.14,3.69,0
449,3.14,3.69,0
450,3.14,3.69,0
451,3.14,3.69,0
452,3.14,3.69,0
453,3.14,3.69,0
454,3.14,3.69,0
455,3.14,3.69,0
456,3.14,3.69,0
457,3.14,3.69,0
458,3.14,3.69,0
459,3.14,3.69,0
460,3.14,3.69,0
461,3.14,3.69,0
462,3.14,3.69,0
463,3.14,3.69,0
464,3.14,3.69,0
465,3.14,3.69,0
466,3.14,3.69,0
467,3.14,3.69,0
468,3.14,3.69,0
469,3.14,3.69,0
470,3.14,3.69,0
471,3.14,3.69,0
472,3.14,3.69,0
473,3.14,3.69,0
474,3.14,3.69,0
475,3.14,3.69,0
476,3.14,3.69,0
477,3.14,3.69,0
478,3.14,3.69,0
479,3.14,3.69,0
480,3.14,3.69,0
481,3.14,3.69,0
482,3.14,3.69,0
483,3.14,3.69,0
484,3.14,3.69,0
485,3.14,3.69,0
486,3.14,3.69,0
487,3.14,3.69,0
488,3.14,3.69,0
489,3.14,3.69,0
490,3.14,3.69,0
491,3.14,3.69,0
492,3.14,3.69,0
493,3.14,3.69,0
494,3.14,3.69,0
495,3.14,3.69,0
496,3.14,3.69,0
497,3.14,3.69,0
498,3.14,3.69,0
499,3.14,3.69,0
500,3.14,3.69,0
501,3.14,3.69,0
502,3.14,3.69,0
503,3.14,3.69,0
504,3.14,3.69,0
505,2.13,3.18,0
506,2.13,3.18,0
507,2.13,3.18,0
508,2.13,3.18,0
509,2.13,3.18,0
510,2.13,3.18,0
511,2.13,3.18,0
512,2.13,3.18,0
513,2.13,3.18,0
514,2.13,3.18,0
515,2.13,3.18,0
516,2.13,3.18,0
517,2.13,3.18,0
518,2.13,3.18,0
519,2.13,3.18,0
520,2.13,3.18,0
521,2.13,3.18,0
522,2.13,3.18,0
523,2.13,3.18,0
524,2.13,3.18,0
525,2.13,3.18,0
526,2.13,3.18,0
527,2.13,3.18,0
528,2.13,3.18,0
529,2.13,3.18,0
530,2.13,3.18,0
531,2.13,3.18,0
532,2.13,3.18,0
533,2.13,3.18,0
534,2.13,3.18,0
535,2.13,3.18,0
536,2.13,3.18,0
537,2.13,3.18,0
538,2.13,3.18,0
539,2.13,3.18,0
540,2.13,3.18,0
541,2.13,3.18,0
542,2.13,3.18,0
543,2.13,3.18,0
544,2.13,3.18,0
545,2.13,3.18,0
546,2.13,3.18,0
547,2.13,3.18,0
548,2.13,3.18,0
549,2.13,3.18,0
550,2.13,3.18,0
551,2.13,3.18,0
552,2.13,3.18,0
553,2.13,3.18,0
554,2.13,3.18,0
555,2.13,3.18,0
556,2.13,3.18,0
557,2.13,3.18,0
558,2.13,3.18,0
559,2.13,3.18,0
560,2.13,3.18,0
561,2.13,3.18,0
562,2.13,3.18,0
563,2.13,3.18,0
564,2.13,3.18,0
565,2.13,3.18,0
566,2.13,3.18,0
567,2.13,3.18,0
568,2.13,3.18,0
569,2.13,3.18,0
570,2.13,3.18,0
571,2.13,3.18,0
572,2.13,3.18,0
573,2.13,3.18,0
574,2.13,3.18,0
575,2.13,3.18,0
576,2.13,3.18,0
577,2.13,3.18,0
578,2.13,3.18,0
579,2.13,3.18,0
580,2.13,3.18,0
581,2.13,3.18,0
582,2.13,3.18,0
583,2.13,3.18,0
584,2.13,3.18,0
585,2.13,3.18,0
586,2.13,3.18,0
587,2.13,3.18,0
588,2.13,3.18,0
589,2.13,3.18,0
590,2.13,3.18,0
591,2.13,3.18,0
592,2.13,3.18,0
593,2.13,3.18,0
594,2.13,3.18,0
595,2.13,3.18,0
596,2.13,3.18,0
597,2.13,3.18,0
598,2.13,3.18,0
599,2.13,3.18,0
600,2.13,3.18,0
601,2.13,3.18,0
602,2.13,3.18,0
603,2.13,3.18,0
604,2.13,3.18,0
605,2.13,3.18,0
606,2.13,3.18,0
607,2.13,3.18,0
608,2.13,3.18,0
609,2.13,3.18,0
610,2.13,3.18,0
611,2.13,3.18,0
612,2.13,3.18,0
613,2.13,3.18,0
614,2.13,3.18,0
615,2.13,3.18,0
616,2.13,3.18,0
617,2.13,3.18,0
618,2.13,3.18,0
619,2.13,3.18,0
620,2.13,3.18,0
621,2.13,3.18,0
622,2.13,3.18,0
623,2.13,3.18,0
624,2.13,3.18,0
625,2.13,3.18,0
626,2.13,3.18,0
627,2.13,3.18,0
628,2.13,3.18,0
629,2.13,3.18,0
630,2.13,3.18,0
631,2.13,3.18,0
632,2.13,3.18,0
633,2.13,3.18,0
634,2.13,3.18,0
635,2.13,3.18,0
636,2.13,3.18,0
637,2.13,3.18,0
638,2.13,3.18,0
639,2.13,3.18,0
640,2.13,3.18,0
641,2.13,3.18,0
642,2.13,3.18,0
643,2.13,3.18,0
644,2.13,3.18,0
645,2.13,3.18,0
646,2.13,3.18,0
647,2.13,3.18,0
648,2.13,3.18,0
649,2.13,3.18,0
650,2.13,3.18,0
651,2.13,3.18,0
652,2.13,3.18,0
653,2.13,3.18,0
654,2.13,3.18,0
655,2.13,3.18,0
656,2.13,3.18,0
657,2.13,3.18,0
658,2.13,3.18,0
659,2.13,3.18,0
660,2.13,3.18,0
661,2.13,3.18,0
662,2.13,3.18,0
663,2.13,3.18,0
664,2.13,3.18,0
665,2.13,3.18,0
666,2.13,3.18,0
667,2.13,3.18,0
668,2.13,3.18,0
669,2.13,3.18,0
670,2.13,3.18,0
671,2.13,3.18,0
672,2.13,3.18,0
673,1.82,2.23,0
674,1.82,2.23,0
675,1.82,2.23,0
676,1.82,2.23,0
677,1.82,2.23,0
678,1.82,2.23,0
679,1.82,2.23,0
680,1.82,2.23,0
681,1.82,2.23,0
682,1.82,2.23,0
683,1.82,2.23,0
684,1.82,2.23,0
685,1.82,2.23,0
686,1.82,2.23,0
687,1.82,2.23,0
688,1.82,2.23,0
689,1.82,2.23,0
690,1.82,2.23,0
691,1.82,2.23,0
692,1.82,2.23,0
693,1.82,2.23,0
694,1.82,2.23,0
695,1.82,2.23,0
696,1.82,2.23,0
697,1.82,2.23,0
698,1.82,2.23,0
699,1.82,2.23,0
700,1.82,2.23,0
701,1.82,2.23,0
702,1.82,2.23,0
703,1.82,2.23,0
704,1.82,2.23,0
705,1.82,2.23,0
706,1.82,2.23,0
707,1.82,2.23,0
708,1.82,2.23,0
709,1.82,2.23,0
710,1.82,2.23,0
711,1.82,2.23,0
712,1.82,2.23,0
713,1.82,2.23,0
714,1.82,2.23,0
715,1.82,2.23,0
716,1.82,2.23,0
717,1.82,2.23,0
718,1.82,2.23,0
719,1.82,2.23,0
720,1.82,2.23,0
721,1.82,2.23,0
722,1.82,2.23,0
723,1.82,2.23,0
724,1.82,2.23,0
725,1.82,2.23,0
726,1.82,2.23,0
727,1.82,2.23,0
728,1.82,2.23,0
729,1.82,2.23,0
730,1.82,2.23,0
731,1.82,2.23,0
732,1.82,2.23,0
733,1.82,2.23,0
734,1.82,2.23,0
735,1.82,2.23,0
736,1.82,2.23,0
737,1.82,2.23,0
738,1.82,2.23,0
739,1.82,2.23,0
740,1.82,2.23,0
741,1.82,2.23,0
742,1.82,2.23,0
743,1.82,2.23,0
744,1.82,2.23,0
745,1.82,2.23,0
746,1.82,2.23,0
747,1.82,2.23,0
748,1.82,2.23,0
749,1.82,2.23,0
750,1.82,2.23,0
751,1.82,2.23,0
752,1.82,2.23,0
753,1.82,2.23,0
754,1.82,2.23,0
755,1.82,2.23,0
756,1.82,2.23,0
757,1.82,2.23,0
758,1.82,2.23,0
759,1.82,2.23,0
760,1.82,2.23,0
761,1.82,2.23,0
762,1.82,2.23,0
763,1.82,2.23,0
764,1.82,2.23,0
765,1.82,2.23,0
766,1.82,2.23,0
767,1.82,2.23,0
768,1.82,2.23,0
769,1.82,2.23,0
770,1.82,2.23,0
771,1.82,2.23,0
772,1.82,2.23,0
773,1.82,2.23,0
774,1.82,2.23,0
775,1.82,2.23,0
776,1.82,2.23,0
777,1.82,2.23,0
778,1.82,2.23,0
779,1.82,2.23,0
780,1.82,2.23,0
781,1.82,2.23,0
782,1.82,2.23,0
783,1.82,2.23,0
784,1.82,2.23,0
785,1.82,2.23,0
786,1.82,2.23,0
787,1.82,2.23,0
788,1.82,2.23,0
789,1.82,2.23,0
790,1.82,2.23,0
791,1.82,2.23,0
792,1.82,2.23,0
793,1.82,2.23,0
794,1.82,2.23,0
795,1.82,2.23,0
796,1.82,2.23,0
797,1.82,2.23,0
798,1.82,2.23,0
799,1.82,2.23,0
800,1.82,2.23,0
801,1.82,2.23,0
802,1.82,2.23,0
803,1.82,2.23,0
804,1.82,2.23,0
805,1.82,2.23,0
806,1.82,2.23,0
807,1.82,2.23,0
808,1.82,2.23,0
809,1.82,2.23,0
810,1.82,2.23,0
811,1.82,2.23,0
812,1.82,2.23,0
813,1.82,2.23,0
814,1.82,2.23,0
815,1.82,2.23,0
816,1.82,2.23,0
817,1.82,2.23,0
818,1.82,2.23,0
819,1.82,2.23,0
820,1.82,2.23,0
821,1.82,2.23,0
822,1.82,2.23,0
823,1.82,2.23,0
824,1.82,2.23,0
825,1.82,2.23,0
826,1.82,2.23,0
827,1.82,2.23,0
828,1.82,2.23,0
829,1.82,2.23,0
830,1.82,2.23,0
831,1.82,2.23,0
832,1.82,2.23,0
833,1.82,2.23,0
834,1.82,2.23,0
835,1.82,2.23,0
836,1.82,2.23,0
837,1.82,2.23,0
838,1.82,2.23,0
839,1.82,2.23,0
840,1.82,2.23,0
841,1.89,2.34,0
842,1.89,2.34,0
843,1.89,2.34,0
844,1.89,2.34,0
845,1.89,2.34,0
846,1.89,2.34,0
847,1.89,2.34,0
848,1.89,2.34,0
849,1.89,2.34,0
850,1.89,2.34,0
851,1.89,2.34,0
852,1.89,2.34,0
853,1.89,2.34,0
854,1.89,2.34,0
855,1.89,2.34,0
856,1.89,2.34,0
857,1.89,2.34,0
858,1.89,2.34,0
859,1.89,2.34,0
860,1.89,2.34,0
861,1.89,2.34,0
862,1.89,2.34,0
863,1.89,2.34,0
864,1.89,2.34,0
865,1.89,2.34,0
866,1.89,2.34,0
867,1.89,2.34,0
868,1.89,2.34,0
869,1.89,2.34,0
870,1.89,2.34,0
871,1.89,2.34,0
872,1.89,2.34,0
873,1.89,2.34,0
874,1.89,2.34,0
875,1.89,2.34,0
876,1.89,2.34,0
877,1.89,2.34,0
878,1.89,2.34,0
879,1.89,2.34,0
880,1.89,2.34,0
881,1.89,2.34,0
882,1.89,2.34,0
883,1.89,2.34,0
884,1.89,2.34,0
885,1.89,2.34,0
886,1.89,2.34,0
887,1.89,2.34,0
888,1.89,2.34,0
889,1.89,2.34,0
890,1.89,2.34,0
891,1.89,2.34,0
892,1.89,2.34,0
893,1.89,2.34,0
894,1.89,2.34,0
895,1.89,2.34,0
896,1.89,2.34,0
897,1.89,2.34,0
898,1.89,2.34,0
899,1.89,2.34,0
900,1.89,2.34,0
901,1.89,2.34,0
902,1.89,2.34,0
903,1.89,2.34,0
904,1.89,2.34,0
905,1.89,2.34,0
906,1.89,2.34,0
907,1.89,2.34,0
908,1.89,2.34,0
909,1.89,2.34,0
910,1.89,2.34,0
911,1.89,2.34,0
912,1.89,2.34,0
913,1.89,2.34,0
914,1.89,2.34,0
915,1.89,2.34,0
916,1.89,2.34,0
917,1.89,2.34,0
918,1.89,2.34,0
919,1.89,2.34,0
920,1.89,2.34,0
921,1.89,2.34,0
922,1.89,2.34,0
923,1.89,2.34,0
924,1.89,2.34,0
925,1.89,2.34,0
926,1.89,2.34,0
927,1.89,2.34,0
928,1.89,2.34,0
929,1.89,2.34,0
930,1.89,2.34,0
931,1.89,2.34,0
932,1.89,2.34,0
933,1.89,2.34,0
934,1.89,2.34,0
935,1.89,2.34,0
936,1.89,2.34,0
937,1.89,2.34,0
938,1.89,2.34,0
939,1.89,2.34,0
940,1.89,2.34,0
941,1.89,2.34,0
942,1.89,2.34,0
943,1.89,2.34,0
944,1.89,2.34,0
945,1.89,2.34,0
946,1.89,2.34,0
947,1.89,2.34,0
948,1.89,2.34,0
949,1.89,2.34,0
950,1.89,2.34,0
951,1.89,2.34,0
952,1.89,2.34,0
953,1.89,2.34,0
954,1.89,2.34,0
955,1.89,2.34,0
956,1.89,2.34,0
957,1.89,2.34,0
958,1.89,2.34,0
959,1.89,2.34,0
960,1.89,2.34,0
961,1.89,2.34,0
962,1.89,2.34,0
963,1.89,2.34,0
964,1.89,2.34,0
965,1.89,2.34,0
966,1.89,2.34,0
967,1.89,2.34,0
968,1.89,2.34,0
969,1.89,2.34,0
970,1.89,2.34,0
971,1.89,2.34,0
972,1.89,2.34,0
973,1.89,2.34,0
974,1.89,2.34,0
975,1.89,2.34,0
976,1.89,2.34,0
977,1.89,2.34,0
978,1.89,2.34,0
979,1.89,2.34,0
980,1.89,2.34,0
981,1.89,2.34,0
982,1.89,2.34,0
983,1.89,2.34,0
984,1.89,2.34,0
985,1.89,2.34,0
986,1.89,2.34,0
987,1.89,2.34,0
988,1.89,2.34,0
989,1.89,2.34,0
990,1.89,2.34,0
991,1.89,2.34,0
992,1.89,2.34,0
993,1.89,2.34,0
994,1.89,2.34,0
995,1.89,2.34,0
996,1.89,2.34,0
997,1.89,2.34,0
998,1.89,2.34,0
999,1.89,2.34,0
1000,1.89,2.34,0
1001,1.89,2.34,0
1002,1.89,2.34,0
1003,1.89,2.34,0
1004,1.89,2.34,0
1005,1.89,2.34,0
1006,1.89,2.34,0
1007,1.89,2.34,0
1008,1.89,2.34,0
1009,1.76,2.11,0
1010,1.76,2.11,0
1011,1.76,2.11,0
1012,1.76,2.11,0
1013,1.76,2.11,0
1014,1.76,2.11,0
1015,1.76,2.11,0
1016,1.76,2.11,0
1017,1.76,2.11,0
1018,1.76,2.11,0
1019,1.76,2.11,0
1020,1.76,2.11,0
1021,1.76,2.11,0
1022,1.76,2.11,0
1023,1.76,2.11,0
1024,1.76,2.11,0
1025,1.76,2.11,0
1026,1.76,2.11,0
1027,1.76,2.11,0
1028,1.76,2.11,0
1029,1.76,2.11,0
1030,1.76,2.11,0
1031,1.76,2.11,0
1032,1.76,2.11,0
1033,1.76,2.11,0
1034,1.76,2.11,0
1035,1.76,2.11,0
1036,1.76,2.11,0
1037,1.76,2.11,0
1038,1.76,2.11,0
1039,1.76,2.11,0
1040,1.76,2.11,0
1041,1.76,2.11,0
1042,1.76,2.11,0
1043,1.76,2.11,0
1044,1.76,2.11,0
1045,1.76,2.11,0
1046,1.76,2.11,0
1047,1.76,2.11,0
1048,1.76,2.11,0
1049,1.76,2.11,0
1050,1.76,2.11,0
1051,1.76,2.11,0
1052,1.76,2.11,0
1053,1.76,2.11,0
1054,1.76,2.11,0
1055,1.76,2.11,0
1056,1.76,2.11,0
1057,1.76,2.11,0
1058,1.76,2.11,0
1059,1.76,2.11,0
1060,1.76,2.11,0
1061,1.76,2.11,0
1062,1.76,2.11,0
1063,1.76,2.11,0
1064,1.76,2.11,0
1065,1.76,2.11,0
1066,1.76,2.11,0
1067,1.76,2.11,0
1068,1.76,2.11,0
1069,1.76,2.11,0
1070,1.76,2.11,0
1071,1.76,2.11,0
1072,1.76,2.11,0
1073,1.76,2.11,0
1074,1.76,2.11,0
1075,1.76,2.11,0
1076,1.76,2.11,0
1077,1.76,2.11,0
1078,1.76,2.11,0
1079,1.76,2.11,0
1080,1.76,2.11,0
1081,1.76,2.11,0
1082,1.76,2.11,0
1083,1.76,2.11,0
1084,1.76,2.11,0
1085,1.76,2.11,0
1086,1.76,2.11,0
1087,1.76,2.11,0
1088,1.76,2.11,0
1089,1.76,2.11,0
1090,1.76,2.11,0
1091,1.76,2.11,0
1092,1.76,2.11,0
1093,1.76,2.11,0
1094,1.76,2.11,0
1095,1.76,2.11,0
1096,1.76,2.11,0
1097,1.76,2.11,0
1098,1.76,2.11,0
1099,1.76,2.11,0
1100,1.76,2.11,0
1101,1.76,2.11,0
1102,1.76,2.11,0
1103,1.76,2.11,0
1104,1.76,2.11,0
1105,1.76,2.11,0
1106,1.76,2.11,0
1107,1.76,2.11,0
1108,1.76,2.11,0
1109,1.76,2.11,0
1110,1.76,2.11,0
1111,1.76,2.11,0
1112,1.76,2.11,0
1113,1.76,2.11,0
1114,1.76,2.11,0
1115,1.76,2.11,0
1116,1.76,2.11,0
1117,1.76,2.11,0
1118,1.76,2.11,0
1119,1.76,2.11,0
1120,1.76,2.11,0
1121,1.76,2.11,0
1122,1.76,2.11,0
1123,1.76,2.11,0
1124,1.76,2.11,0
1125,1.76,2.11,0
1126,1.76,2.11,0
1127,1.76,2.11,0
1128,1.76,2.11,0
1129,1.76,2.11,0
1130,1.76,2.11,0
1131,1.76,2.11,0
1132,1.76,2.11,0
1133,1.76,2.11,0
1134,1.76,2.11,0
1135,1.76,2.11,0
1136,1.76,2.11,0
1137,1.76,2.11,0
1138,1.76,2.11,0
1139,1.76,2.11,0
1140,1.76,2.11,0
1141,1.76,2.11,0
1142,1.76,2.11,0
1143,1.76,2.11,0
1144,1.76,2.11,0
1145,1.76,2.11,0
1146,1.76,2.11,0
1147,1.76,2.11,0
1148,1.76,2.11,0
1149,1.76,2.11,0
1150,1.76,2.11,0
1151,1.76,2.11,0
1152,1.76,2.11,0
1153,1.76,2.11,0
1154,1.76,2.11,0
1155,1.76,2.11,0
1156,1.76,2.11,0
1157,1.76,2.11,0
1158,1.76,2.11,0
1159,1.76,2.11,0
1160,1.76,2.11,0
1161,1.76,2.11,0
1162,1.76,2.11,0
1163,1.76,2.11,0
1164,1.76,2.11,0
1165,1.76,2.11,0
1166,1.76,2.11,0
1167,1.76,2.11,0
1168,1.76,2.11,0
1169,1.76,2.11,0
1170,1.76,2.11,0
1171,1.76,2.11,0
1172,1.76,2.11,0
1173,1.76,2.11,0
1174,1.76,2.11,0
1175,1.76,2.11,0
1176,1.76,2.11,0
1177,1.63,1.81,0
1178,1.63,1.81,0
1179,1.63,1.81,0
1180,1.63,1.81,0
1181,1.63,1.81,0
1182,1.63,1.81,0
1183,1.63,1.81,0
1184,1.63,1.81,0
1185,1.63,1.81,0
1186,1.63,1.81,0
1187,1.63,1.81,0
1188,1.63,1.81,0
1189,1.63,1.81,0
1190,1.63,1.81,0
1191,1.63,1.81,0
1192,1.63,1.81,0
1193,1.63,1.81,0
1194,1.63,1.81,0
1195,1.63,1.81,0
1196,1.63,1.81,0
1197,1.63,1.81,0
1198,1.63,1.81,0
1199,1.63,1.81,0
1200,1.63,1.81,0
1201,1.63,1.81,0
1202,1.63,1.81,0
1203,1.63,1.81,0
1204,1.63,1.81,0
1205,1.63,1.81,0
1206,1.63,1.81,0
1207,1.63,1.81,0
1208,1.63,1.81,0
1209,1.63,1.81,0
1210,1.63,1.81,0
1211,1.63,1.81,0
1212,1.63,1.81,0
1213,1.63,1.81,0
1214,1.63,1.81,0
1215,1.63,1.81,0
1216,1.63,1.81,0
1217,1.63,1.81,0
1218,1.63,1.81,0
1219,1.63,1.81,0
1220,1.63,1.81,0
1221,1.63,1.81,0
1222,1.63,1.81,0
1223,1.63,1.81,0
1224,1.63,1.81,0
1225,1.63,1.81,0
1226,1.63,1.81,0
1227,1.63,1.81,0
1228,1.63,1.81,0
1229,1.63,1.81,0
1230,1.63,1.81,0
1231,1.63,1.81,0
1232,1.63,1.81,0
1233,1.63,1.81,0
1234,1.63,1.81,0
1235,1.63,1.81,0
1236,1.63,1.81,0
1237,1.63,1.81,0
1238,1.63,1.81,0
1239,1.63,1.81,0
1240,1.63,1.81,0
1241,1.63,1.81,0
1242,1.63,1.81,0
1243,1.63,1.81,0
1244,1.63,1.81,0
1245,1.63,1.81,0
1246,1.63,1.81,0
1247,1.63,1.81,0
1248,1.63,1.81,0
1249,1.63,1.81,0
1250,1.63,1.81,0
1251,1.63,1.81,0
1252,1.63,1.81,0
1253,1.63,1.81,0
1254,1.63,1.81,0
1255,1.63,1.81,0
1256,1.63,1.81,0
1257,1.63,1.81,0
1258,1.63,1.81,0
1259,1.63,1.81,0
1260,1.63,1.81,0
1261,1.63,1.81,0
1262,1.63,1.81,0
1263,1.63,1.81,0
1264,1.63,1.81,0
1265,1.63,1.81,0
1266,1.63,1.81,0
1267,1.63,1.81,0
1268,1.63,1.81,0
1269,1.63,1.81,0
1270,1.63,1.81,0
1271,1.63,1.81,0
1272,1.63,1.81,0
1273,2.78,2.74,0
1274,2.78,2.74,0
1275,2.78,2.74,0
1276,2.78,2.74,0
1277,2.78,2.74,0
1278,2.78,2.74,0
1279,2.78,2.74,0
1280,2.78,2.74,0
1281,2.78,2.74,0
1282,2.78,2.74,0
1283,2.78,2.74,0
1284,2.78,2.74,0
1285,2.78,2.74,0
1286,2.78,2.74,0
1287,2.78,2.74,0
1288,2.78,2.74,0
1289,2.78,2.74,0
1290,2.78,2.74,0
1291,2.78,2.74,0
1292,2.78,2.74,0
1293,2.78,2.74,0
1294,2.78,2.74,0
1295,2.78,2.74,0
1296,2.78,2.74,0
1297,2.78,2.74,0
1298,2.78,2.74,0
1299,2.78,2.74,0
1300,2.78,2.74,0
1301,2.78,2.74,0
1302,2.78,2.74,0
1303,2.78,2.74,0
1304,2.78,2.74,0
1305,2.78,2.74,0
1306,2.78,2.74,0
1307,2.78,2.74,0
1308,2.78,2.74,0
1309,2.78,2.74,0
1310,2.78,2.74,0
1311,2.78,2.74,0
1312,2.78,2.74,0
1313,2.78,2.74,0
1314,2.78,2.74,0
1315,2.78,2.74,0
1316,2.78,2.74,0
1317,2.78,2.74,0
1318,2.78,2.74,0
1319,2.78,2.74,0
1320,2.78,2.74,0
1321,2.78,2.74,0
1322,2.78,2.74,0
1323,2.78,2.74,0
1324,2.78,2.74,0
1325,2.78,2.74,0
1326,2.78,2.74,0
1327,2.78,2.74,0
1328,2.78,2.74,0
1329,2.78,2.74,0
1330,2.78,2.74,0
1331,2.78,2.74,0
1332,2.78,2.74,0
1333,2.78,2.74,0
1334,2.78,2.74,0
1335,2.78,2.74,0
1336,2.78,2.74,0
1337,2.78,2.74,0
1338,2.78,2.74,0
1339,2.78,2.74,0
1340,2.78,2.74,0
1341,2.78,2.74,0
1342,2.78,2.74,0
1343,2.78,2.74,0
1344,2.78,2.74,0
1345,2.78,2.74,0
1346,2.78,2.74,0
1347,2.78,2.74,0
1348,2.78,2.74,0
1349,2.78,2.74,0
1350,2.78,2.74,0
1351,2.78,2.74,0
1352,2.78,2.74,0
1353,2.78,2.74,0
1354,2.78,2.74,0
1355,2.78,2.74,0
1356,2.78,2.74,0
1357,2.78,2.74,0
1358,2.78,2.74,0
1359,2.78,2.74,0
1360,2.78,2.74,0
1361,2.78,2.74,0
1362,2.78,2.74,0
1363,2.78,2.74,0
1364,2.78,2.74,0
1365,2.78,2.74,0
1366,2.78,2.74,0
1367,2.78,2.74,0
1368,2.78,2.74,0
1369,2.78,2.74,0
1370,2.78,2.74,0
1371,2.78,2.74,0
1372,2.78,2.74,0
1373,2.78,2.74,0
1374,2.78,2.74,0
1375,2.78,2.74,0
1376,2.78,2.74,0
1377,2.78,2.74,0
1378,2.78,2.74,0
1379,2.78,2.74,0
1380,2.78,2.74,0
1381,2.78,2.74,0
1382,2.78,2.74,0
1383,2.78,2.74,0
1384,2.78,2.74,0
1385,2.78,2.74,0
1386,2.78,2.74,0
1387,2.78,2.74,0
1388,2.78,2.74,0
1389,2.78,2.74,0
1390,2.78,2.74,0
1391,2.78,2.74,0
1392,2.78,2.74,0
1393,2.78,2.74,0
1394,2.78,2.74,0
1395,2.78,2.74,0
1396,2.78,2.74,0
1397,2.78,2.74,0
1398,2.78,2.74,0
1399,2.78,2.74,0
1400,2.78,2.74,0
1401,2.78,2.74,0
1402,2.78,2.74,0
1403,2.78,2.74,0
1404,2.78,2.74,0
1405,2.78,2.74,0
1406,2.78,2.74,0
1407,2.78,2.74,0
1408,2.78,2.74,0
1409,2.78,2.74,0
1410,2.78,2.74,0
1411,2.78,2.74,0
1412,2.78,2.74,0
1413,2.78,2.74,0
1414,2.78,2.74,0
1415,2.78,2.74,0
1416,2.78,2.74,0
1417,2.78,2.74,0
1418,2.78,2.74,0
1419,2.78,2.74,0
1420,2.78,2.74,0
1421,2.78,2.74,0
1422,2.78,2.74,0
1423,2.78,2.74,0
1424,2.78,2.74,0
1425,2.78,2.74,0
1426,2.78,2.74,0
1427,2.78,2.74,0
1428,2.78,2.74,0
1429,2.78,2.74,0
1430,2.78,2.74,0
1431,2.78,2.74,0
1432,2.78,2.74,0
1433,2.78,2.74,0
1434,2.78,2.74,0
1435,2.78,2.74,0
1436,2.78,2.74,0
1437,2.78,2.74,0
1438,2.78,2.74,0
1439,2.78,2.74,0
1440,2.78,2.74,0
1441,2.78,2.74,0
1442,2.78,2.74,0
1443,2.78,2.74,0
1444,2.78,2.74,0
1445,2.78,2.74,0
1446,2.78,2.74,0
1447,2.78,2.74,0
1448,2.78,2.74,0
1449,2.78,2.74,0
1450,2.78,2.74,0
1451,2.78,2.74,0
1452,2.78,2.74,0
1453,2.78,2.74,0
1454,2.78,2.74,0
1455,2.78,2.74,0
1456,2.78,2.74,0
1457,2.78,2.74,0
1458,2.78,2.74,0
1459,2.78,2.74,0
1460,2.78,2.74,0
1461,2.78,2.74,0
1462,2.78,2.74,0
1463,2.78,2.74,0
1464,2.78,2.74,0
1465,2.78,2.74,0
1466,2.78,2.74,0
1467,2.78,2.74,0
1468,2.78,2.74,0
1469,2.78,2.74,0
1470,2.78,2.74,0
1471,2.78,2.74,0
1472,2.78,2.74,0
1473,2.78,2.74,0
1474,2.78,2.74,0
1475,2.78,2.74,0
1476,2.78,2.74,0
1477,2.78,2.74,0
1478,2.78,2.74,0
1479,2.78,2.74,0
1480,2.78,2.74,0
1481,2.78,2.74,0
1482,2.78,2.74,0
1483,2.78,2.74,0
1484,2.78,2.74,0
1485,2.78,2.74,0
1486,2.78,2.74,0
1487,2.78,2.74,0
1488,2.78,2.74,0
1489,2.78,2.74,0
1490,2.78,2.74,0
1491,2.78,2.74,0
1492,2.78,2.74,0
1493,2.78,2.74,0
1494,2.78,2.74,0
1495,2.78,2.74,0
1496,2.78,2.74,0
1497,2.78,2.74,0
1498,2.78,2.74,0
1499,2.78,2.74,0
1500,2.78,2.74,0
1501,2.78,2.74,0
1502,2.78,2.74,0
1503,2.78,2.74,0
1504,2.78,2.74,0
1505,2.78,2.74,0
1506,2.78,2.74,0
1507,2.78,2.74,0
1508,2.78,2.74,0
1509,2.78,2.74,0
1510,2.78,2.74,0
1511,2.78,2.74,0
1512,2.78,2.74,0
1513,2.78,2.74,0
1514,2.78,2.74,0
1515,2.78,2.74,0
1516,2.78,2.74,0
1517,2.78,2.74,0
1518,2.78,2.74,0
1519,2.78,2.74,0
1520,2.78,2.74,0
1521,2.78,2.74,0
1522,2.78,2.74,0
1523,2.78,2.74,0
1524,2.78,2.74,0
1525,2.78,2.74,0
1526,2.78,2.74,0
1527,2.78,2.74,0
1528,2.78,2.74,0
1529,2.78,2.74,0
1530,2.78,2.74,0
1531,2.78,2.74,0
1532,2.78,2.74,0
1533,2.78,2.74,0
1534,2.78,2.74,0
1535,2.78,2.74,0
1536,2.78,2.74,0
1537,2.78,2.74,0
1538,2.78,2.74,0
1539,2.78,2.74,0
1540,2.78,2.74,0
1541,2.78,2.74,0
1542,2.78,2.74,0
1543,2.78,2.74,0
1544,2.78,2.74,0
1545,2.78,2.74,0
1546,2.78,2.74,0
1547,2.78,2.74,0
1548,2.78,2.74,0
1549,2.78,2.74,0
1550,2.78,2.74,0
1551,2.78,2.74,0
1552,2.78,2.74,0
1553,2.78,2.74,0
1554,2.78,2.74,0
1555,2.78,2.74,0
1556,2.78,2.74,0
1557,2.78,2.74,0
1558,2.78,2.74,0
1559,2.78,2.74,0
1560,2.78,2.74,0
1561,2.78,2.74,0
1562,2.78,2.74,0
1563,2.78,2.74,0
1564,2.78,2.74,0
1565,2.78,2.74,0
1566,2.78,2.74,0
1567,2.78,2.74,0
1568,2.78,2.74,0
1569,2.78,2.74,0
1570,2.78,2.74,0
1571,2.78,2.74,0
1572,2.78,2.74,0
1573,2.78,2.74,0
1574,2.78,2.74,0
1575,2.78,2.74,0
1576,2.78,2.74,0
1577,2.78,2.74,0
1578,2.78,2.74,0
1579,2.78,2.74,0
1580,2.78,2.74,0
1581,2.78,2.74,0
1582,2.78,2.74,0
1583,2.78,2.74,0
1584,2.78,2.74,0
1585,2.78,2.74,0
1586,2.78,2.74,0
1587,2.78,2.74,0
1588,2.78,2.74,0
1589,2.78,2.74,0
1590,2.78,2.74,0
1591,2.78,2.74,0
1592,2.78,2.74,0
1593,2.78,2.74,0
1594,2.78,2.74,0
1595,2.78,2.74,0
1596,2.78,2.74,0
1597,2.78,2.74,0
1598,2.78,2.74,0
1599,2.78,2.74,0
1600,2.78,2.74,0
1601,2.78,2.74,0
1602,2.78,2.74,0
1603,2.78,2.74,0
1604,2.78,2.74,0
1605,2.78,2.74,0
1606,2.78,2.74,0
1607,2.78,2.74,0
1608,2.78,2.74,0
1609,2.78,2.74,0
1610,2.78,2.74,0
1611,2.78,2.74,0
1612,2.78,2.74,0
1613,2.78,2.74,0
1614,2.78,2.74,0
1615,2.78,2.74,0
1616,2.78,2.74,0
1617,2.78,2.74,0
1618,2.78,2.74,0
1619,2.78,2.74,0
1620,2.78,2.74,0
1621,2.78,2.74,0
1622,2.78,2.74,0
1623,2.78,2.74,0
1624,2.78,2.74,0
1625,2.78,2.74,0
1626,2.78,2.74,0
1627,2.78,2.74,0
1628,2.78,2.74,0
1629,2.78,2.74,0
1630,2.78,2.74,0
1631,2.78,2.74,0
1632,2.78,2.74,0
1633,2.78,2.74,0
1634,2.78,2.74,0
1635,2.78,2.74,0
1636,2.78,2.74,0
1637,2.78,2.74,0
1638,2.78,2.74,0
1639,2.78,2.74,0
1640,2.78,2.74,0
1641,2.78,2.74,0
1642,2.78,2.74,0
1643,2.78,2.74,0
1644,2.78,2.74,0
1645,2.78,2.74,0
1646,2.78,2.74,0
1647,2.78,2.74,0
1648,2.78,2.74,0
1649,2.78,2.74,0
1650,2.78,2.74,0
1651,2.78,2.74,0
1652,2.78,2.74,0
1653,2.78,2.74,0
1654,2.78,2.74,0
1655,2.78,2.74,0
1656,2.78,2.74,0
1657,3.78,4.28,0
1658,3.78,4.28,0
1659,3.78,4.28,0
1660,3.78,4.28,0
1661,3.78,4.28,0
1662,3.78,4.28,0
1663,3.78,4.28,0
1664,3.78,4.28,0
1665,3.78,4.28,0
1666,3.78,4.28,0
1667,3.78,4.28,0
1668,3.78,4.28,0
1669,3.78,4.28,0
1670,3.78,4.28,0
1671,3.78,4.28,0
1672,3.78,4.28,0
1673,3.78,4.28,0
1674,3.78,4.28,0
1675,3.78,4.28,0
1676,3.78,4.28,0
1677,3.78,4.28,0
1678,3.78,4.28,0
1679,3.78,4.28,0
1680,3.78,4.28,0
1681,3.78,4.28,0
1682,3.78,4.28,0
1683,3.78,4.28,0
1684,3.78,4.28,0
1685,3.78,4.28,0
1686,3.78,4.28,0
1687,3.78,4.28,0
1688,3.78,4.28,0
1689,3.78,4.28,0
1690,3.78,4.28,0
1691,3.78,4.28,0
1692,3.78,4.28,0
1693,3.78,4.28,0
1694,3.78,4.28,0
1695,3.78,4.28,0
1696,3.78,4.28,0
1697,3.78,4.28,0
1698,3.78,4.28,0
1699,3.78,4.28,0
1700,3.78,4.28,0
1701,3.78,4.28,0
1702,3.78,4.28,0
1703,3.78,4.28,0
1704,3.78,4.28,0
1705,3.78,4.28,0
1706,3.78,4.28,0
1707,3.78,4.28,0
1708,3.78,4.28,0
1709,3.78,4.28,0
1710,3.78,4.28,0
1711,3.78,4.28,0
1712,3.78,4.28,0
1713,3.78,4.28,0
1714,3.78,4.28,0
1715,3.78,4.28,0
1716,3.78,4.28,0
1717,3.78,4.28,0
1718,3.78,4.28,0
1719,3.78,4.28,0
1720,3.78,4.28,0
1721,3.78,4.28,0
1722,3.78,4.28,0
1723,3.78,4.28,0
1724,3.78,4.28,0
1725,3.78,4.28,0
1726,3.78,4.28,0
1727,3.78,4.28,0
1728,3.78,4.28,0
1729,3.78,4.28,0
1730,3.78,4.28,0
1731,3.78,4.28,0
1732,3.78,4.28,0
1733,3.78,4.28,0
1734,3.78,4.28,0
1735,3.78,4.28,0
1736,3.78,4.28,0
1737,3.78,4.28,0
1738,3.78,4.28,0
1739,3.78,4.28,0
1740,3.78,4.28,0
1741,3.78,4.28,0
1742,3.78,4.28,0
1743,3.78,4.28,0
1744,3.78,4.28,0
1745,3.78,4.28,0
1746,3.78,4.28,0
1747,3.78,4.28,0
1748,3.78,4.28,0
1749,3.78,4.28,0
1750,3.78,4.28,0
1751,3.78,4.28,0
1752,3.78,4.28,0
1753,3.78,4.28,0
1754,3.78,4.28,0
1755,3.78,4.28,0
1756,3.78,4.28,0
1757,3.78,4.28,0
1758,3.78,4.28,0
1759,3.78,4.28,0
1760,3.78,4.28,0
1761,3.78,4.28,0
1762,3.78,4.28,0
1763,3.78,4.28,0
1764,3.78,4.28,0
1765,3.78,4.28,0
1766,3.78,4.28,0
1767,3.78,4.28,0
1768,3.78,4.28,0
1769,3.78,4.28,0
1770,3.78,4.28,0
1771,3.78,4.28,0
1772,3.78,4.28,0
1773,3.78,4.28,0
1774,3.78,4.28,0
1775,3.78,4.28,0
1776,3.78,4.28,0
1777,3.78,4.28,0
1778,3.78,4.28,0
1779,3.78,4.28,0
1780,3.78,4.28,0
1781,3.78,4.28,0
1782,3.78,4.28,0
1783,3.78,4.28,0
1784,3.78,4.28,0
1785,3.78,4.28,0
1786,3.78,4.28,0
1787,3.78,4.28,0
1788,3.78,4.28,0
1789,3.78,4.28,0
1790,3.78,4.28,0
1791,3.78,4.28,0
1792,3.78,4.28,0
1793,3.78,4.28,0
1794,3.78,4.28,0
1795,3.78,4.28,0
1796,3.78,4.28,0
1797,3.78,4.28,0
1798,3.78,4.28,0
1799,3.78,4.28,0
1800,3.78,4.28,0
1801,3.78,4.28,0
1802,3.78,4.28,0
1803,3.78,4.28,0
1804,3.78,4.28,0
1805,3.78,4.28,0
1806,3.78,4.28,0
1807,3.78,4.28,0
1808,3.78,4.28,0
1809,3.78,4.28,0
1810,3.78,4.28,0
1811,3.78,4.28,0
1812,3.78,4.28,0
1813,3.78,4.28,0
1814,3.78,4.28,0
1815,3.78,4.28,0
1816,3.78,4.28,0
1817,3.78,4.28,0
1818,3.78,4.28,0
1819,3.78,4.28,0
1820,3.78,4.28,0
1821,3.78,4.28,0
1822,3.78,4.28,0
1823,3.78,4.28,0
1824,3.78,4.28,0
1825,3.78,4.28,0
1826,3.78,4.28,0
1827,3.78,4.28,0
1828,3.78,4.28,0
1829,3.78,4.28,0
1830,3.78,4.28,0
1831,3.78,4.28,0
1832,3.78,4.28,0
1833,3.78,4.28,0
1834,3.78,4.28,0
1835,3.78,4.28,0
1836,3.78,4.28,0
1837,3.78,4.28,0
1838,3.78,4.28,0
1839,3.78,4.28,0
1840,3.78,4.28,0
1841,3.78,4.28,0
1842,3.78,4.28,0
1843,3.78,4.28,0
1844,3.78,4.28,0
1845,3.78,4.28,0
1846,3.78,4.28,0
1847,3.78,4.28,0
1848,3.78,4.28,0