Time_Index,MA_solar_pv,CT_onshore_wind,CT_solar_pv
1,0,0.65400058,0
2,0,0.640632212,0
3,0,0.674216628,0
4,0,0.591154337,0
5,0,0.498415291,0
6,0,0.539107561,0
7,0,0.597886682,0
8,0,0.524519503,0
9,0.2175,0.714665174,0.2258
10,0.4081,0.201284081,0.4428
11,0.5613,0.012974607,0.5538
12,0.5322,0.034633961,0.6097
13,0.5679,0.082750432,0.6059
14,0.5247,0.036179084,0.5139
15,0.4229,0.006105063,0.4232
16,0.3114,0.173815444,0.363
17,0.109,0.260041893,0.1806
18,0,0.468751878,0
19,0,0.784515142,0
20,0,0.355991662,0
21,0,0.604112744,0
22,0,0.527206779,0
23,0,0.685887396,0
24,0,0.618583739,0
25,0,0.674788058,0
26,0,0.91023761,0
27,0,0.839853764,0
28,0,0.8865906,0
29,0,0.94504863,0
30,0,0.863669157,0
31,0,0.646323919,0
32,0,0.25566262,0
33,0.109,0.324984014,0.1325
34,0.3235,0.710196197,0.3044
35,0.3563,0.438852191,0.3022
36,0.3784,0.312287986,0.4041
37,0.3346,0.569212019,0.2614
38,0.2609,0.766024351,0.2753
39,0.2381,0.711729348,0.1934
40,0.1307,0.659122467,0.2166
41,0.0266,0.482714176,0.0182
42,0,0.74608326,0
43,0,0.817704558,0
44,0,0.881676972,0
45,0,0.923290074,0
46,0,0.881124794,0
47,0,0.837216139,0
48,0,0.935307026,0
49,0,0.95678848,0
50,0,0.960784912,0
51,0,0.964077592,0
52,0,0.821918488,0
53,0,0.535242558,0
54,0,0.421804518,0
55,0,0.44402492,0
56,0,0.506769657,0
57,0.1008,0.716469467,0.1563
58,0.3571,0.479748398,0.4284
59,0.5425,0.77202934,0.5777
60,0.6327,0.629349351,0.6501
61,0.6563,0.735723257,0.6632
62,0.6462,0.502739787,0.6461
63,0.5642,0.707346141,0.5617
64,0.3954,0.32747677,0.3732
65,0.1551,0.927522063,0.1768
66,0,0.636502683,0
67,0,0.664787829,0
68,0,0.515376031,0
69,0,0.439054638,0
70,0,0.750679374,0
71,0,0.814183295,0
72,0,0.872650862,0
73,0,0.888046741,0
74,0,0.731665611,0
75,0,0.777789474,0
76,0,0.943983614,0
77,0,0.947459102,0
78,0,0.747204661,0
79,0,0.933167934,0
80,0,0.757942557,0
81,0.2189,0.785400927,0.1756
82,0.4091,0.641020477,0.359
83,0.5094,0.963223636,0.4301
84,0.5486,0.768399656,0.4563
85,0.5372,0.880754352,0.3894
86,0.4018,0.927021861,0.4534
87,0.4305,0.91498971,0.5024
88,0.3475,0.568014443,0.3741
89,0.1858,0.400734007,0.207
90,0,0.370842636,0
91,0,0.345947564,0
92,0,0.52340579,0
93,0,0.235718831,0
94,0,0.353133857,0
95,0,0.123410217,0
96,0,0.159678772,0
97,0,0.174881235,0
98,0,0.268058985,0
99,0,0.07365521,0
100,0,0.09225262,0
101,0,0.1769187,0
102,0,0.047160737,0
103,0,0.018978704,0
104,0,0.007698048,0
105,0.1243,0,0.1448
106,0.3369,3.21E-06,0.381
107,0.5427,0,0.4255
108,0.5165,0,0.4001
109,0.4801,0,0.3675
110,0.4327,0,0.3052
111,0.3182,0.016408831,0.2707
112,0.1995,0.121261552,0.1831
113,0.0683,0.194417536,0.078
114,0,0.331171334,0
115,0,0.57641989,0
116,0,0.249798104,0
117,0,0.31388849,0
118,0,0.263796777,0
119,0,0.322466075,0
120,0,0.329577833,0
121,0,0.705949306,0
122,0,0.834924579,0
123,0,0.832703173,0
124,0,0.727586865,0
125,0,0.626110256,0
126,0,0.721315265,0
127,0,0.785158873,0
128,0,0.59819752,0
129,0,0.567111433,0
130,0.003,0.326491237,0.0064
131,0.0852,0.390583217,0.116
132,0.1324,0.287067473,0.0999
133,0.1041,0.229321212,0.1202
134,0.1276,0.154025629,0.192
135,0.1108,0.115687042,0.1404
136,0.0825,0.054644316,0.0697
137,0.0043,0.088804618,0
138,0,0.72049433,0
139,0,0.834395289,0
140,0,0.950648248,0
141,0,0.999782085,0
142,0,1,0
143,0,1,0
144,0,1,0
145,0,1,0
146,0,1,0
147,0,1,0
148,0,0.999383628,0
149,0,0.965365767,0
150,0,0.79326117,0
151,0,0.284757346,0
152,0,0.51474309,0
153,0.2499,0.541716576,0.2267
154,0.4155,0.119267933,0.3616
155,0.5324,7.85E-05,0.4427
156,0.4953,0,0.4972
157,0.5597,0.021236544,0.6758
158,0.6671,0.279601127,0.7002
159,0.6148,0.46427834,0.6275
160,0.4365,0.974582016,0.3833
161,0.195,0.989060044,0.1751
162,0,0.871624708,0
163,0,0.820555329,0
164,0,0.579907179,0
165,0,0.888320148,0
166,0,0.996523142,0
167,0,0.996782899,0
168,0,0.991666675,0
169,0,0.693691909,0
170,0,0.714291751,0
171,0,0.787061214,0
172,0,0.648082256,0
173,0,0.480793148,0
174,0,0.51872462,0
175,0,0.532529056,0
176,0.0784,0.403577,0.079
177,0.3412,0.288212121,0.3487
178,0.5422,0.155730009,0.5498
179,0.6945,0.248360261,0.6995
180,0.7433,0.136244684,0.7507
181,0.7488,0.152369171,0.7584
182,0.7431,0.15664646,0.7463
183,0.6884,0.109205045,0.7059
184,0.5364,0.124641761,0.5699
185,0.3355,0.099795096,0.3757
186,0.076,0.24032332,0.1078
187,0,0.626431525,0
188,0,0.381871194,0
189,0,0.455129683,0
190,0,0.775627553,0
191,0,0.841572523,0
192,0,0.714044333,0
193,0,0.465495348,0
194,0,0.395678699,0
195,0,0.505203664,0
196,0,0.441453069,0
197,0,0.235097349,0
198,0,0.283535391,0
199,0,0.645805538,0
200,0.0526,0.48262763,0.0396
201,0.2708,0.245015219,0.2314
202,0.4689,0.841091931,0.448
203,0.7172,0.988655627,0.6663
204,0.6904,0.990291238,0.6944
205,0.7406,0.994036973,0.7372
206,0.7488,1,0.7649
207,0.7112,1,0.7313
208,0.557,0.999929368,0.5886
209,0.354,0.960915685,0.3926
210,0.088,0.895500779,0.1269
211,0,0.76709497,0
212,0,0.435475737,0
213,0,0.090656437,0
214,0,0.074931957,0
215,0,0.06550388,0
216,0,0.076071575,0
217,0,0.242902949,0
218,0,0.305609792,0
219,0,0.366039604,0
220,0,0.289276272,0
221,0,0.181570083,0
222,0,0.015158695,0
223,0,0.002629287,0
224,0.0473,0.035349268,0.0287
225,0.297,0.335926116,0.3047
226,0.5162,0,0.5333
227,0.6557,0.032872688,0.6153
228,0.6814,0.309798121,0.6478
229,0.6802,0.753643334,0.6655
230,0.6721,0.811525822,0.5906
231,0.5062,0.95241034,0.4254
232,0.379,1,0.3642
233,0.2003,1,0.2198
234,0.015,0.999834955,0.0566
235,0,0.966009676,0
236,0,0.5206424,0
237,0,0.384480596,0
238,0,0.511512339,0
239,0,0.754252136,0
240,0,0.828727782,0
241,0,0.854124427,0
242,0,0.816929042,0
243,0,0.863291502,0
244,0,0.876287818,0
245,0,0.68124795,0
246,0,0.358041853,0
247,0,0.499465376,0
248,0.0178,0.311755419,0.0475
249,0.2828,0.468940288,0.3083
250,0.4612,0.405288935,0.4876
251,0.59,0.926289797,0.5371
252,0.4844,0.949460566,0.4457
253,0.5318,0.778889954,0.6086
254,0.6033,0.617577374,0.6557
255,0.5808,0.901967645,0.658
256,0.4795,0.978049934,0.5115
257,0.2821,0.892829597,0.2812
258,0.0584,0.808615625,0.0769
259,0,0.969441891,0
260,0,0.806326389,0
261,0,0.840030909,0
262,0,0.918922067,0
263,0,0.99034059,0
264,0,0.789673567,0
265,0,0.919458091,0
266,0,0.972206473,0
267,0,0.954320848,0
268,0,0.86345768,0
269,0,0.590666413,0
270,0,0.731688678,0
271,0,0.6558218,0
272,0.0098,0.23438926,0.0242
273,0.2113,0.13641271,0.2168
274,0.343,0.239269421,0.3838
275,0.4909,0.721606851,0.5236
276,0.5888,0.820573032,0.5921
277,0.5443,0.988469541,0.6525
278,0.6127,1,0.6696
279,0.627,1,0.6441
280,0.5153,0.996278644,0.5578
281,0.3325,0.998883188,0.3759
282,0.0824,0.981682599,0.111
283,0,0.573396862,0
284,0,0.391411662,0
285,0,0.339642644,0
286,0,0.320867211,0
287,0,0.110078298,0
288,0,0.026982566,0
289,0,0.002944378,0
290,0,0.125005767,0
291,0,0.192449555,0
292,0,0.220874771,0
293,0,0.200533658,0
294,0,0.195602,0
295,0,0.107150562,0
296,0.0002,0.083813764,0
297,0.0507,0.126653433,0.0483
298,0.1645,0.199870557,0.1509
299,0.2004,0.298887491,0.2083
300,0.2721,0.597856641,0.2789
301,0.3008,0.530167341,0.3221
302,0.5094,0.508688331,0.4879
303,0.3392,0.577920854,0.3708
304,0.3026,0.533288956,0.3666
305,0.1432,0.641979694,0.102
306,0,0.812563598,0
307,0,0.808291912,0
308,0,0.285303324,0
309,0,0.116253167,0
310,0,0.145584852,0
311,0,0.820813596,0
312,0,0.336305588,0
313,0,0.946572661,0
314,0,1,0
315,0,1,0
316,0,1,0
317,0,1,0
318,0,1,0
319,0,1,0
320,0.0882,0.966160536,0.0983
321,0.3218,0.997799277,0.3413
322,0.4539,1,0.4658
323,0.5352,1,0.5679
324,0.5652,1,0.5889
325,0.584,1,0.5828
326,0.5703,1,0.5741
327,0.5633,1,0.5656
328,0.4633,1,0.4765
329,0.2981,1,0.3272
330,0.077,1,0.108
331,0,1,0
332,0,1,0
333,0,1,0
334,0,1,0
335,0,0.99214679,0
336,0,1,0
337,0,0.998503923,0
338,0,0.981334448,0
339,0,0.976984143,0
340,0,0.917273223,0
341,0,0.857299387,0
342,0,0.685744822,0
343,0.0029,0.197402641,0
344,0.1779,0.174021095,0.1726
345,0.3938,0.097864166,0.3929
346,0.5573,0.032948181,0.563
347,0.6766,0.002176364,0.6712
348,0.678,0.000552898,0.683
349,0.6611,0.000874054,0.6739
350,0.6551,0.003476053,0.6618
351,0.6173,0.019248929,0.6523
352,0.4965,0.119166195,0.546
353,0.3363,0.274659663,0.3826
354,0.1242,0.392801732,0.1625
355,0,0.536450446,0
356,0,0.939421058,0
357,0,0.438982993,0
358,0,0.353878379,0
359,0,0.556829035,0
360,0,0.65021956,0
361,0,0.622024417,0
362,0,0.764623284,0
363,0,0.715029895,0
364,0,0.372809708,0
365,0,0.113940589,0
366,0,0.056374628,0
367,0,0.016238747,0
368,0.1809,0.333949357,0.1937
369,0.3869,0.144480377,0.4011
370,0.5486,2.18E-05,0.5435
371,0.673,0.000401923,0.6766
372,0.688,0.009390152,0.6954
373,0.6933,0.15701367,0.698
374,0.6864,0.406255186,0.6964
375,0.65,0.417066693,0.6672
376,0.5134,0.336111903,0.5446
377,0.3401,0.290232033,0.3849
378,0.123,0.256617188,0.17
379,0,0.407308728,0
380,0,0.214790255,0
381,0,0.390825689,0
382,0,0.471649319,0
383,0,0.307960331,0
384,0,0.340681136,0
385,0,0.290637463,0
386,0,0.219434485,0
387,0,0.292016774,0
388,0,0.488625586,0
389,0,0.340097755,0
390,0,0.235136852,0
391,0.0004,0.588210523,0
392,0.1559,0.332647651,0.1358
393,0.3681,0.093162946,0.3612
394,0.5112,0.001849365,0.4843
395,0.7546,0,0.723
396,0.6648,0,0.6153
397,0.6766,0.000464521,0.642
398,0.6849,0.103742942,0.6483
399,0.6482,0.370955497,0.6173
400,0.5121,0.341479361,0.5187
401,0.3377,0.444000244,0.3615
402,0.1213,0.292105019,0.1552
403,0,0.224894032,0
404,0,0.31001246,0
405,0,0.206186026,0
406,0,0.352164268,0
407,0,0.416088998,0
408,0,0.530061185,0
409,0,0.507622302,0
410,0,0.678049803,0
411,0,0.010443158,0
412,0,0.427970886,0
413,0,0.334010154,0
414,0,0.451444775,0
415,0.0008,0.351748496,0
416,0.1746,0.381634384,0.157
417,0.3796,0.204491615,0.3642
418,0.555,0.022155629,0.5463
419,0.6824,0.087142006,0.6775
420,0.6979,0.034761738,0.6949
421,0.6999,0.114951245,0.6981
422,0.6953,0.093523912,0.6977
423,0.6556,0.116833173,0.6681
424,0.5221,0.247117937,0.5478
425,0.3484,0.302383065,0.3858
426,0.1274,0.435858846,0.1707
427,0,0.296017647,0
428,0,0.382669896,0
429,0,0.432901084,0
430,0,0.662971437,0
431,0,0.961305439,0
432,0,0.951534867,0
433,0,0.68373543,0
434,0,0.600812972,0
435,0,0.814034224,0
436,0,0.911757529,0
437,0,0.600341201,0
438,0,0.718456745,0
439,0,0.47460106,0
440,0.1287,0.611973166,0.1307
441,0.2969,0.462337017,0.3218
442,0.4366,0.286065727,0.4241
443,0.5574,0.410449386,0.4843
444,0.6471,0.18657057,0.5087
445,0.6988,0.044284698,0.6118
446,0.7057,0.004641407,0.6588
447,0.6681,0.010756869,0.6495
448,0.5204,0.062138144,0.4946
449,0.3357,0.268422604,0.3379
450,0.1217,0.549905419,0.1415
451,0,0.59516722,0
452,0,0.463209748,0
453,0,0.327129066,0
454,0,0.395001531,0
455,0,0.458472908,0
456,0,0.448081851,0
457,0,0.686663628,0
458,0,0.94721055,0
459,0,0.968070626,0
460,0,0.751041591,0
461,0,0.725488186,0
462,0,0.857096016,0
463,0,0.570255101,0
464,0.1681,0.35289073,0.2003
465,0.3275,0.291729033,0.3963
466,0.47,0.255962312,0.4968
467,0.4264,0.155585855,0.4553
468,0.4459,0.157079071,0.4639
469,0.4834,0.132549644,0.4762
470,0.6303,0.238282189,0.6118
471,0.3922,0.239939079,0.4236
472,0.3528,0.271274298,0.2969
473,0.2192,0.236726984,0.2024
474,0.0833,0.160334155,0.0789
475,0,0.292999268,0
476,0,0.401110888,0
477,0,0.149256185,0
478,0,0.163049132,0
479,0,0.166977257,0
480,0,0.205250561,0
481,0,0.307979465,0
482,0,0.422584713,0
483,0,0.406198055,0
484,0,0.361611843,0
485,0,0.24808161,0
486,0,0.122475065,0
487,0,0.061104923,0
488,0.0483,0.001909042,0.0107
489,0.1379,0.030662451,0.1244
490,0.2279,0.035824325,0.1986
491,0.2641,0.026189856,0.2571
492,0.2979,0.000577044,0.3222
493,0.3468,0.000226538,0.3903
494,0.3644,0.003640169,0.4114
495,0.3465,0.009475692,0.4116
496,0.324,0.039171852,0.3266
497,0.2125,0.049333788,0.2253
498,0.0673,0.006074722,0.0732
499,0,0.0032244,0
500,0,0.03518948,0
501,0,0.186126143,0
502,0,0.45455578,0
503,0,0.378552973,0
504,0,0.702663004,0
505,0,0.968510509,0
506,0,0.989876866,0
507,0,0.995388389,0
508,0,0.991017282,0
509,0,0.990352869,0
510,0,0.986146748,0
511,0.0445,0.989968061,0.0573
512,0.2149,0.936056614,0.2177
513,0.3872,1,0.4045
514,0.5191,1,0.5333
515,0.6164,1,0.587
516,0.6094,1,0.6136
517,0.6213,1,0.6059
518,0.5855,1,0.5508
519,0.5484,1,0.5046
520,0.4324,0.999761462,0.396
521,0.2942,1,0.3157
522,0.1239,0.97358191,0.1728
523,0.0042,0.916173577,0.0254
524,0,0.504913807,0
525,0,0.483559906,0
526,0,0.404603273,0
527,0,0.559817672,0
528,0,0.43195039,0
529,0,0.801479816,0
530,0,0.83980149,0
531,0,0.880831182,0
532,0,0.87968725,0
533,0,0.983528793,0
534,0,0.861405969,0
535,0.0596,0.666822255,0.0855
536,0.2421,0.637812197,0.2731
537,0.4408,0.925808966,0.4671
538,0.5842,0.981597066,0.608
539,0.6896,0.962186873,0.7062
540,0.6858,0.838697433,0.6378
541,0.6341,0.858128905,0.5752
542,0.5742,0.714092791,0.5323
543,0.5271,0.506495476,0.5201
544,0.4501,0.643713951,0.4571
545,0.3211,0.802486479,0.339
546,0.1502,0.414806664,0.1788
547,0.0118,0.449268788,0.0161
548,0,0.433795214,0
549,0,0.723540962,0
550,0,0.847964466,0
551,0,0.431865871,0
552,0,0.263614535,0
553,0,0.383512288,0
554,0,0.467303038,0
555,0,0.669023633,0
556,0,0.578121424,0
557,0,0.668174863,0
558,0,0.84716779,0
559,0.0674,0.639957428,0.0783
560,0.2425,0.382031947,0.2579
561,0.4158,0.377838641,0.4056
562,0.5463,0.241989717,0.5052
563,0.6386,0.140842691,0.6202
564,0.6422,0.17344895,0.6711
565,0.619,0.254069537,0.6594
566,0.535,0.348766774,0.6022
567,0.4947,0.318340123,0.4993
568,0.436,0.412772506,0.4129
569,0.31,0.438966453,0.3183
570,0.141,0.478521466,0.1614
571,0.0057,0.204736024,0.0049
572,0,0.121209301,0
573,0,0.262892365,0
574,0,0.302317798,0
575,0,0.392155528,0
576,0,0.485296309,0
577,0,0.56743139,0
578,0,0.493387401,0
579,0,0.537232339,0
580,0,0.715105534,0
581,0,0.877000749,0
582,0,0.858959556,0
583,0.0646,0.616436839,0.0723
584,0.24,0.389255017,0.2571
585,0.4124,0.38474685,0.434
586,0.5387,0.668079793,0.5476
587,0.5942,0.445153713,0.6195
588,0.5769,0.568499982,0.6025
589,0.5447,0.738960683,0.5788
590,0.5418,0.373366296,0.5354
591,0.534,0.478745103,0.5095
592,0.4351,0.828541756,0.4716
593,0.2974,0.843423724,0.3522
594,0.1269,0.512844622,0.1757
595,0.0095,0.055336319,0.0216
596,0,0.03674832,0
597,0,0.053960145,0
598,0,0.029006636,0
599,0,0.052046131,0
600,0,0.100355022,0
601,0,0.41157797,0
602,0,0.602612317,0
603,0,0.720491469,0
604,0,0.723646641,0
605,0,0.813915133,0
606,0,0.716498435,0
607,0.0702,0.545466542,0.0963
608,0.2614,0.412251562,0.287
609,0.4627,0.044421218,0.4836
610,0.6166,0.140197337,0.625
611,0.7112,0.201716378,0.7167
612,0.716,0.365351975,0.7262
613,0.7297,0.348426342,0.7395
614,0.7274,0.279339582,0.744
615,0.6825,0.335944027,0.7054
616,0.5492,0.282557875,0.5849
617,0.3739,0.315034628,0.4262
618,0.1552,0.501161098,0.2129
619,0.0324,0.575841904,0.0599
620,0,0.597773373,0
621,0,0.795206368,0
622,0,0.925453305,0
623,0,0.862208605,0
624,0,0.884268165,0
625,0,0.824621797,0
626,0,0.864601195,0
627,0,0.747781813,0
628,0,0.897395968,0
629,0,0.891821504,0
630,0,0.875600398,0
631,0.0727,0.454108536,0.0994
632,0.2557,0.389777452,0.2751
633,0.4497,0.118936777,0.4564
634,0.5925,0.102687314,0.6063
635,0.704,0.135198578,0.717
636,0.7225,0.255885392,0.7277
637,0.701,0.090430029,0.6985
638,0.6769,0.178597078,0.6616
639,0.5474,0.431952953,0.5647
640,0.3879,0.515062034,0.4475
641,0.2913,0.815573871,0.3432
642,0.1353,0.634752035,0.192
643,0.0179,0.619311154,0.0412
644,0,0.982150972,0
645,0,0.757338047,0
646,0,0.913762093,0
647,0,0.932408333,0
648,0,0.925074697,0
649,0,0.990617156,0
650,0,0.95990628,0
651,0,0.661817312,0
652,0,0.835044742,0
653,0,0.827758014,0
654,0,0.459986866,0
655,0.0607,0.043116283,0.0579
656,0.2295,0.119353324,0.2299
657,0.3989,0.186982363,0.4242
658,0.5445,0.162299648,0.5574
659,0.6313,0.047973432,0.6353
660,0.5756,0.171127975,0.617
661,0.4796,0.371867865,0.5755
662,0.4497,0.646259665,0.5562
663,0.3945,0.82888782,0.3893
664,0.3274,0.780436099,0.3372
665,0.224,0.894966424,0.2202
666,0.1102,0.745465159,0.1251
667,0.0001,0.499277651,0.0017
668,0,0.177560896,0
669,0,0.125584617,0
670,0,0.371880233,0
671,0,0.248758137,0
672,0,0.357238054,0
673,0,0.255533934,0
674,0,0.157546759,0
675,0,0.199761152,0
676,0,0.195887998,0
677,0,0.206376255,0
678,0.0862,0.220516995,0.0741
679,0.1147,0.063040741,0.1331
680,0.2431,0.109704487,0.2546
681,0.3828,0.179136857,0.3673
682,0.492,0.200069875,0.4812
683,0.5487,0.356357276,0.5556
684,0.5534,0.50347507,0.5748
685,0.558,0.717685103,0.5721
686,0.5522,0.871921659,0.5592
687,0.5321,0.800152361,0.5415
688,0.4367,0.725072324,0.4812
689,0.315,0.708724082,0.3599
690,0.1671,0.657537103,0.207
691,0.0824,0.363562495,0.1017
692,0.0091,0.504807055,0.0396
693,0,0.408079177,0
694,0,0.531135499,0
695,0,0.233968467,0
696,0,0.317590177,0
697,0,0.431610733,0
698,0,0.574139476,0
699,0,0.5398283,0
700,0,0.201132476,0
701,0,0.107555799,0
702,0.0587,0.144015923,0.0126
703,0.1202,0.071583487,0.1019
704,0.2267,0.205921009,0.2045
705,0.3121,0.161220312,0.3112
706,0.3871,0.336054265,0.3663
707,0.4377,0.368090123,0.4167
708,0.4715,0.454866886,0.4684
709,0.481,0.460774302,0.4928
710,0.4752,0.431218863,0.4656
711,0.4683,0.424021393,0.3782
712,0.3812,0.402401239,0.3149
713,0.2652,0.201657325,0.2465
714,0.1535,0.31398356,0.1617
715,0.0289,0.642302394,0.0083
716,0,0.458561152,0
717,0,0.278454691,0
718,0,0.406244844,0
719,0,0.48908928,0
720,0,0.247558758,0
721,0,0.342755079,0
722,0,0.309545279,0
723,0,0.171430543,0
724,0,0.143114701,0
725,0,0.098292246,0
726,0,0.035499647,0
727,0.0152,0.059476066,0.001
728,0.0911,0.11565797,0.0361
729,0.1895,0.450230718,0.1556
730,0.2332,0.528750181,0.2229
731,0.2898,0.409164637,0.3207
732,0.3538,0.186176032,0.3915
733,0.3662,0.088073134,0.4183
734,0.3455,0.035387903,0.4072
735,0.2894,0.104915872,0.3946
736,0.2522,0.058641382,0.3199
737,0.177,0.102075763,0.2486
738,0.1159,0.119901411,0.1285
739,0.0529,0.0421708,0.068
740,0.048,0.026643943,0.0668
741,0,0.006000017,0
742,0,0.011312632,0
743,0,0.147607014,0
744,0,0.327344626,0
745,0,0.510582566,0
746,0,0.665729821,0
747,0,0.769778907,0
748,0,0.781615794,0
749,0,0.923156559,0
750,0.1017,0.872993588,0.1517
751,0.103,0.416936696,0.1317
752,0.2403,0.640715778,0.2659
753,0.3815,0.548123121,0.4216
754,0.4815,0.678181589,0.4981
755,0.5593,0.523655593,0.5462
756,0.6001,0.422979057,0.5636
757,0.6257,0.440276533,0.584
758,0.6342,0.288656324,0.5905
759,0.5798,0.088861234,0.5736
760,0.4757,0.048434187,0.4946
761,0.3352,0.015997954,0.3746
762,0.1595,0.02092329,0.2176
763,0.0851,0.016852297,0.1172
764,0.1883,0.024710625,0.1645
765,0,0.056830518,0
766,0,0.067118898,0
767,0,0.083863556,0
768,0,0.224713877,0
769,0,0.295715094,0
770,0,0.475750923,0
771,0,0.429904968,0
772,0,0.133806333,0
773,0,0.097172618,0
774,0.187,0.178564966,0.1914
775,0.093,0.15810056,0.1356
776,0.2452,0.085907668,0.2812
777,0.4187,0.136811152,0.4427
778,0.5509,0.16231443,0.564
779,0.6487,0.265915275,0.6528
780,0.6968,0.404657096,0.7036
781,0.693,0.51797837,0.7014
782,0.6863,0.590401947,0.6962
783,0.6064,0.492305607,0.6233
784,0.4918,0.327540308,0.5182
785,0.343,0.226276025,0.3867
786,0.1604,0.203923002,0.2214
787,0.087,0.11941237,0.1234
788,0.2318,0.280301064,0.2254
789,0,0.350494742,0
790,0,0.308144778,0
791,0,0.317373067,0
792,0,0.228583589,0
793,0,0.126057819,0
794,0,0.145783231,0
795,0,0.1197372,0
796,0,0.130558938,0
797,0,0.122706443,0
798,0.1887,0.212007314,0.2121
799,0.0929,0.1003922,0.1401
800,0.2427,0.031912338,0.2791
801,0.4116,0.048532557,0.4387
802,0.5369,0.043898437,0.554
803,0.6279,0.071059972,0.6423
804,0.6575,0.042385492,0.6722
805,0.6482,0.089992523,0.6526
806,0.6391,0.129399985,0.6397
807,0.5776,0.140253082,0.5868
808,0.4757,0.140412569,0.4965
809,0.3383,0.338652551,0.3819
810,0.1684,0.413234174,0.2233
811,0.0868,0.488830209,0.1236
812,0.0487,0.315008312,0.0592
813,0,0.294467419,0
814,0,0.33345896,0
815,0,0.247955799,0
816,0,0.21165216,0
817,0,0.08057832,0
818,0,0.05053981,0
819,0,0.027604669,0
820,0,0.024256045,0
821,0,0.022627071,0
822,0.1238,0.007028688,0.1169
823,0.1126,0.000443146,0.1345
824,0.2482,0.000209463,0.267
825,0.4064,0.006409309,0.4155
826,0.5351,0.000249937,0.5408
827,0.6317,2.38E-05,0.633
828,0.6694,0.003048241,0.6776
829,0.6718,0.042286195,0.6771
830,0.6624,0.053152397,0.6612
831,0.5849,0.090882063,0.5833
832,0.4741,0.133875713,0.4927
833,0.3354,0.328875691,0.3771
834,0.1691,0.303652883,0.2266
835,0.0894,0.411599845,0.1258
836,0.1753,0.407856643,0.1013
837,0,0.466663718,0
838,0,0.442651212,0
839,0,0.190238789,0
840,0,0.081739865,0
841,0,0.069366634,0
842,0,0.173460245,0
843,0,0.330310285,0
844,0,0.484885126,0
845,0,0.506483376,0
846,0.0316,0.51050359,0.0168
847,0.0805,0.199067056,0.1067
848,0.2149,0.356455564,0.2393
849,0.3659,0.283349901,0.3837
850,0.4898,0.25886184,0.4951
851,0.5831,0.385790199,0.5785
852,0.6085,0.518073618,0.6126
853,0.5999,0.445449471,0.6174
854,0.5772,0.387315661,0.6044
855,0.5188,0.37337923,0.5663
856,0.4201,0.503884971,0.4586
857,0.3017,0.433672816,0.3374
858,0.1691,0.605397165,0.2068
859,0.0705,0.168280423,0.0937
860,0,0.094467729,0
861,0,0.062528327,0
862,0,0.15690814,0
863,0,0.118883848,0
864,0,0.251304626,0
865,0,0.46454832,0
866,0,0.619871557,0
867,0,0.782924116,0
868,0,0.544351637,0
869,0,0.388339579,0
870,0.0259,0.188761607,0.0003
871,0.096,0.056012779,0.0996
872,0.2133,0.011642265,0.2184
873,0.3624,0.005336904,0.3801
874,0.4795,0.036412083,0.497
875,0.5633,0.113800742,0.566
876,0.5708,0.309363514,0.5632
877,0.534,0.537328064,0.5305
878,0.5641,0.75558275,0.5783
879,0.5537,0.804839015,0.5735
880,0.457,0.814335048,0.4853
881,0.3439,0.82010901,0.4051
882,0.1642,0.700861871,0.2135
883,0.0638,0.377394527,0.0909
884,0,0.301600695,0
885,0,0.539320409,0
886,0,0.604777336,0
887,0,0.605847716,0
888,0,0.867583036,0
889,0,0.896252215,0
890,0,0.902161598,0
891,0,0.807876408,0
892,0,0.481758773,0
893,0,0.350461036,0
894,0.0054,0.369291186,0.0003
895,0.0826,0.327216417,0.1088
896,0.2036,0.128708065,0.2241
897,0.3215,0.109231159,0.3379
898,0.4199,0.032121081,0.4303
899,0.5034,0.165889904,0.5516
900,0.5322,0.229558229,0.5807
901,0.5403,0.552829027,0.5564
902,0.4716,0.673825681,0.4414
903,0.3179,0.909441948,0.2005
904,0.1481,0.40397352,0.201
905,0.1209,0.053071491,0.2205
906,0.1182,0.009857893,0.1106
907,0.0209,0.022703402,0.0083
908,0,0.06118574,0
909,0,0.155283213,0
910,0,0.194212124,0
911,0,0.325269014,0
912,0,0.216164544,0
913,0,0.294233441,0
914,0,0.27193734,0
915,0,0.172537595,0
916,0,0.461593479,0
917,0,0.475345463,0
918,0.0124,0.302758217,0
919,0.0858,0.147479713,0.0708
920,0.1993,0.066136509,0.1866
921,0.3012,0.048136499,0.3088
922,0.4181,0.001305424,0.41
923,0.5171,0.02227441,0.4767
924,0.5313,0.010808986,0.5248
925,0.5773,0.011530235,0.5645
926,0.5196,0.058907609,0.5172
927,0.4946,0.063854888,0.5145
928,0.4443,0.145684391,0.4684
929,0.3279,0.10168203,0.3687
930,0.1745,0.104971349,0.2197
931,0.071,0.01616681,0.0928
932,0.0002,0.297574669,0
933,0,0.367312461,0
934,0,0.0007446,0
935,0,0.068054058,0
936,0,0.094593525,0
937,0,0.213648081,0
938,0,0.531912327,0
939,0,0.692196727,0
940,0,0.518783391,0
941,0,0.676166594,0
942,0.0042,0.510285676,0
943,0.0398,0.148385465,0.0037
944,0.1349,0.017506892,0.0539
945,0.246,0.102544896,0.1719
946,0.3214,0.135170639,0.2838
947,0.3781,0.132621363,0.37
948,0.4205,0.069042861,0.4164
949,0.4431,0.048704062,0.387
950,0.4225,0.026934966,0.3769
951,0.4012,0.03281936,0.3819
952,0.3611,0.031553883,0.3384
953,0.2682,0.081398696,0.2655
954,0.1522,0.036627773,0.1453
955,0.0493,7.58E-06,0.0601
956,0.0035,0.009274209,0
957,0,0.005863861,0
958,0,0.003044422,0
959,0,0.005838812,0
960,0,0.00170265,0
961,0,0.005503632,0
962,0,0.006187149,0
963,0,0.105491459,0
964,0,0.203179836,0
965,0,0.31184566,0
966,0.0958,0.15729934,0.0236
967,0.085,0.027425,0.1118
968,0.2209,0.000555741,0.2461
969,0.3936,0.001436484,0.4127
970,0.5269,0.003749114,0.5355
971,0.6269,0.010715026,0.612
972,0.6626,0.024330039,0.6631
973,0.6526,0.009454269,0.6607
974,0.6325,0.015575085,0.6558
975,0.5865,0.038747013,0.6019
976,0.4871,0.055153936,0.5113
977,0.35,0.099925354,0.39
978,0.1748,0.171507657,0.2283
979,0.0721,0.259897947,0.1039
980,0.0038,0.484913051,0.0004
981,0,0.65207845,0
982,0,0.549565196,0
983,0,0.264352381,0
984,0,0.201819241,0
985,0,0.110443436,0
986,0,0.227475628,0
987,0,0,0
988,0,0,0
989,0,0.007766452,0
990,0.1493,0.011667026,0.146
991,0.0807,0.006440069,0.1169
992,0.2201,0.147832498,0.2513
993,0.3898,0.007227662,0.408
994,0.5143,0,0.5257
995,0.6101,0.002701762,0.6115
996,0.6395,0.036665987,0.6428
997,0.6368,0.050647214,0.6367
998,0.6288,0.118039176,0.6295
999,0.5833,0.2463561,0.5949
1000,0.478,0.403732568,0.5051
1001,0.345,0.448961526,0.3877
1002,0.1708,0.506937206,0.2244
1003,0.0667,0.515148342,0.1006
1004,0,0.401803851,0
1005,0,0.542189062,0
1006,0,0.627934754,0
1007,0,0.294224769,0
1008,0,0.445834845,0
1009,0,0.024488203,0
1010,0,0.005497254,0
1011,0,0.000441103,0
1012,0,0.000736618,0
1013,0,0.013448789,0
1014,0,0.001552999,0
1015,0.0431,0.016414369,0.0466
1016,0.1775,0.005320419,0.1907
1017,0.3417,0,0.3665
1018,0.4808,0,0.4885
1019,0.5742,0,0.5011
1020,0.5341,0,0.4825
1021,0.4891,0.000754692,0.4556
1022,0.4521,0.038070913,0.4608
1023,0.4369,0.06807334,0.4621
1024,0.3852,0.120829791,0.4827
1025,0.2983,0.122325301,0.3694
1026,0.1453,0.214777768,0.1858
1027,0.0205,0.103976943,0.0151
1028,0,0.146478951,0
1029,0,0.081246406,0
1030,0,0.099981464,0
1031,0,0.121285483,0
1032,0,0.345799059,0
1033,0,0.358311385,0
1034,0,0.194117829,0
1035,0,0.110107139,0
1036,0,0.081565939,0
1037,0,0.281551629,0
1038,0,0.279634416,0
1039,0.0223,0.212583974,0.0276
1040,0.1784,0.361322314,0.2007
1041,0.3427,0.274970293,0.3705
1042,0.4846,0.310066044,0.515
1043,0.5725,0.549035251,0.617
1044,0.5996,0.357780188,0.6119
1045,0.5755,0.297160596,0.6042
1046,0.573,0.308325291,0.6034
1047,0.549,0.118818954,0.5902
1048,0.4675,0.116064131,0.4872
1049,0.317,0.126575261,0.3457
1050,0.1336,0.059000582,0.1521
1051,0.0148,0.057932265,0.0257
1052,0,0.058630191,0
1053,0,0.168209702,0
1054,0,0.110391833,0
1055,0,0.112563834,0
1056,0,0.187843025,0
1057,0,0.191884756,0
1058,0,0.289943606,0
1059,0,0.18661052,0
1060,0,0.261437118,0
1061,0,0.285387605,0
1062,0,0.183640614,0
1063,0.0642,0.059578352,0.064
1064,0.2111,0.02105093,0.2294
1065,0.383,0.000327676,0.4194
1066,0.5296,0,0.5294
1067,0.6173,0,0.606
1068,0.6147,0,0.6101
1069,0.5963,4.64E-05,0.552
1070,0.583,0.000644455,0.5537
1071,0.5717,0.012756106,0.5885
1072,0.4633,0.039040573,0.4848
1073,0.3282,0.091524944,0.3442
1074,0.1391,0.114686362,0.173
1075,0.0192,0.176582024,0.0385
1076,0,0.210110322,0
1077,0,0.243104339,0
1078,0,0.420706183,0
1079,0,0.370098799,0
1080,0,0.790265799,0
1081,0,0.661855102,0
1082,0,0.717997789,0
1083,0,0.733835995,0
1084,0,0.524593949,0
1085,0,0.374724686,0
1086,0,0.147474244,0
1087,0.0536,0.116236642,0.0656
1088,0.2156,0.10792923,0.2278
1089,0.3624,0.014900561,0.3432
1090,0.457,0.000839952,0.4161
1091,0.4909,0.000334627,0.4938
1092,0.5337,0.001384574,0.6022
1093,0.5614,0.006068298,0.6255
1094,0.5731,0.02413255,0.6169
1095,0.5627,0.043813463,0.5878
1096,0.4566,0.134383693,0.4864
1097,0.3138,0.183430493,0.3612
1098,0.1382,0.107053183,0.1829
1099,0.0157,0.127708003,0.036
1100,0,0.133422852,0
1101,0,0.285129964,0
1102,0,0.283379018,0
1103,0,0.159851655,0
1104,0,0.57962507,0
1105,0,0.754561901,0
1106,0,0.611357749,0
1107,0,0.372281522,0
1108,0,0.250736982,0
1109,0,0.109799281,0
1110,0,0.101276971,0
1111,0.0498,0.134444043,0.0666
1112,0.2088,0.163690537,0.2258
1113,0.3714,0.003203062,0.38
1114,0.483,0,0.4861
1115,0.5506,0,0.5247
1116,0.5401,0,0.5085
1117,0.5246,0.000301063,0.5305
1118,0.5164,0.011065927,0.5355
1119,0.4891,0.037177719,0.4995
1120,0.3955,0.055280887,0.4104
1121,0.2852,0.14146091,0.3526
1122,0.1296,0.155148029,0.1675
1123,0.0073,0.02911645,0.0205
1124,0,0.020586953,0
1125,0,0.017006775,0
1126,0,0.016090911,0
1127,0,0.034998387,0
1128,0,0.095579408,0
1129,0,0.176470742,0
1130,0,0.177451313,0
1131,0,0.2249275,0
1132,0,0.140706241,0
1133,0,0.085635424,0
1134,0,0.020704094,0
1135,0.0376,0.002257308,0.0425
1136,0.1679,0.001343192,0.1724
1137,0.3053,0.002372579,0.3042
1138,0.4204,1.76E-05,0.4168
1139,0.4801,0.001147653,0.4976
1140,0.5293,0.059270803,0.492
1141,0.5588,0.072345227,0.5564
1142,0.5357,0.09780746,0.5843
1143,0.5009,0.148131341,0.5729
1144,0.4341,0.443712413,0.4757
1145,0.3047,0.480769128,0.3243
1146,0.1335,0.374290407,0.1598
1147,0.0131,0.382233739,0.0213
1148,0,0.314262241,0
1149,0,0.403662413,0
1150,0,0.284232348,0
1151,0,0.189224839,0
1152,0,0.211672679,0
1153,0,0.132683113,0
1154,0,0.057144277,0
1155,0,0.104336128,0
1156,0,0.097777627,0
1157,0,0.05427013,0
1158,0,0.055842452,0
1159,0.0406,0.095989451,0.0634
1160,0.2104,0.062838465,0.2258
1161,0.3931,0.007532438,0.4117
1162,0.5351,0.000374348,0.5439
1163,0.6404,0.00032155,0.6451
1164,0.6488,0.000352971,0.6582
1165,0.6503,0.004096869,0.6607
1166,0.6435,0.010309711,0.6521
1167,0.5997,0.032383375,0.6166
1168,0.4801,0.072304383,0.5075
1169,0.3244,0.100602642,0.3651
1170,0.1324,0.112688825,0.1782
1171,0.0085,0.225813627,0.0295
1172,0,0.206518441,0
1173,0,0.418049455,0
1174,0,0.594238639,0
1175,0,0.498331428,0
1176,0,0.159249201,0
1177,0,1,0
1178,0,1,0
1179,0,1,0
1180,0,1,0
1181,0,1,0
1182,0,1,0
1183,0,1,0
1184,0.0043,0.999851346,0
1185,0.0343,1,0.0249
1186,0.138,1,0.1388
1187,0.1864,1,0.2009
1188,0.1991,1,0.2005
1189,0.1542,1,0.1668
1190,0.1065,1,0.1009
1191,0.0281,1,0.0152
1192,0.0019,0.995113134,0
1193,0,0.975503504,0
1194,0,0.995296419,0
1195,0,0.846773446,0
1196,0,1,0
1197,0,1,0
1198,0,1,0
1199,0,1,0
1200,0,1,0
1201,0,1,0
1202,0,1,0
1203,0,1,0
1204,0,1,0
1205,0,0.995598018,0
1206,0,0.995465696,0
1207,0,0.987144649,0
1208,0.0279,0.930476904,0.0379
1209,0.2314,0.99927789,0.2573
1210,0.3816,0.999028742,0.4487
1211,0.4435,1,0.4728
1212,0.4997,1,0.4832
1213,0.4305,1,0.4565
1214,0.4368,1,0.4403
1215,0.366,0.983023047,0.3669
1216,0.1822,0.984866261,0.2242
1217,0.0052,0.959274292,0.0336
1218,0,0.418606073,0
1219,0,0.440086186,0
1220,0,0.301750362,0
1221,0,0.229936361,0
1222,0,0.288396031,0
1223,0,0.573553324,0
1224,0,0.578315735,0
1225,0,0.673941195,0
1226,0,0.575025856,0
1227,0,0.554408133,0
1228,0,0.662931561,0
1229,0,0.556616545,0
1230,0,0.403336436,0
1231,0,0.201248974,0
1232,0.0115,0.248261675,0.0077
1233,0.1885,0.086267263,0.2329
1234,0.3249,0.040963087,0.4482
1235,0.3727,0.19480674,0.4736
1236,0.3429,0.308597416,0.4387
1237,0.3792,0.467647493,0.3902
1238,0.3714,0.503129423,0.3171
1239,0.363,0.302317232,0.3582
1240,0.2238,0.409760207,0.215
1241,0.0457,0.112822011,0.0341
1242,0,0.057092331,0
1243,0,0.056933645,0
1244,0,0.038276639,0
1245,0,0.107188642,0
1246,0,0.095500693,0
1247,0,0.029766843,0
1248,0,0.108815283,0
1249,0,0.15279755,0
1250,0,0.149852112,0
1251,0,0.078676306,0
1252,0,0.071417503,0
1253,0,0.15388529,0
1254,0,0.214670345,0
1255,0,0.20217745,0
1256,0.0734,0.178169996,0.0582
1257,0.2901,0.066808224,0.2442
1258,0.4471,0.009307255,0.3923
1259,0.5471,0.070134498,0.495
1260,0.549,0.198912963,0.4526
1261,0.5449,0.332799226,0.415
1262,0.4781,0.295796812,0.3552
1263,0.3486,0.207941905,0.2542
1264,0.2182,0.060153231,0.1653
1265,0.0212,0.166987836,0.0178
1266,0,0.173974305,0
1267,0,0.088977978,0
1268,0,0.102332987,0
1269,0,0.120547377,0
1270,0,0.175479472,0
1271,0,0.243329912,0
1272,0,0.230494708,0
1273,0,0.340143502,0
1274,0,0.351763308,0
1275,0,0.365453333,0
1276,0,0.371867418,0
1277,0,0.345510691,0
1278,0,0.356090218,0
1279,0,0.185944334,0
1280,0.0442,0.077742867,0.0115
1281,0.2029,0.087273248,0.1797
1282,0.2873,0.06466268,0.2654
1283,0.3191,0.240402877,0.3097
1284,0.3298,0.556354821,0.3742
1285,0.3256,0.407566994,0.4562
1286,0.3173,0.494556278,0.4487
1287,0.2735,0.574166596,0.3992
1288,0.1964,0.866565347,0.2977
1289,0.0354,0.839272618,0.1002
1290,0,0.541689157,0
1291,0,0.79236871,0
1292,0,0.860562146,0
1293,0,0.862646699,0
1294,0,0.962358356,0
1295,0,0.823671222,0
1296,0,0.7225492,0
1297,0,0.637436032,0
1298,0,0.712809503,0
1299,0,0.906534612,0
1300,0,0.961060584,0
1301,0,0.934895396,0
1302,0,0.924328685,0
1303,0,0.714612603,0
1304,0.0734,0.613734901,0.103
1305,0.2972,0.843926191,0.3518
1306,0.4716,0.984853446,0.5161
1307,0.5682,0.968574822,0.6371
1308,0.6029,0.981167614,0.68
1309,0.634,0.994362831,0.6761
1310,0.6112,0.995792985,0.6272
1311,0.4913,0.997591257,0.5039
1312,0.3024,1,0.3288
1313,0.0796,0.970690846,0.115
1314,0,0.983417928,0
1315,0,0.979865134,0
1316,0,0.943215728,0
1317,0,0.977033556,0
1318,0,0.944590867,0
1319,0,0.878456712,0
1320,0,0.965530038,0
1321,0,0.993268847,0
1322,0,0.997487366,0
1323,0,0.980775714,0
1324,0,0.976491451,0
1325,0,0.992282152,0
1326,0,0.995316267,0
1327,0,0.958796918,0
1328,0.1222,0.904307425,0.1248
1329,0.3693,0.84231931,0.3734
1330,0.5472,0.763753533,0.5558
1331,0.6611,0.732195675,0.678
1332,0.6554,0.572697759,0.7017
1333,0.6543,0.633215189,0.6992
1334,0.6434,0.630140841,0.6796
1335,0.5225,0.729837835,0.5686
1336,0.3333,0.662500441,0.3868
1337,0.0922,0.692215681,0.1418
1338,0,0.485426992,0
1339,0,0.477704823,0
1340,0,0.623427987,0
1341,0,0.721252382,0
1342,0,0.673930228,0
1343,0,0.796083272,0
1344,0,0.872027338,0
1345,0,0.000170827,0
1346,0,0.000330491,0
1347,0,0.008975953,0
1348,0,0.028366176,0
1349,0,0.047658481,0
1350,0,0.020951875,0
1351,0,0.016528202,0
1352,0.103,0.061987393,0.0719
1353,0.3367,0.029779723,0.3259
1354,0.5029,0.038432878,0.5018
1355,0.6295,0.059015073,0.6078
1356,0.641,0.170929462,0.6065
1357,0.6296,0.330376446,0.6128
1358,0.6023,0.40051046,0.5842
1359,0.4756,0.54056108,0.481
1360,0.3125,0.445490211,0.3059
1361,0.0716,0.353917331,0.0951
1362,0,0.474078,0
1363,0,0.494052589,0
1364,0,0.595775306,0
1365,0,0.62349987,0
1366,0,0.696579933,0
1367,0,0.625244915,0
1368,0,0.672557771,0
1369,0,0.566133976,0
1370,0,0.705252767,0
1371,0,0.513045669,0
1372,0,0.510314405,0
1373,0,0.729553521,0
1374,0,0.761322439,0
1375,0,0.493663102,0
1376,0.0002,0.36528033,0
1377,0.2048,0.331763327,0.2009
1378,0.3617,0.315054476,0.3846
1379,0.4551,0.36612308,0.4206
1380,0.4406,0.407980204,0.4248
1381,0.3895,0.788694203,0.4079
1382,0.3436,0.471933067,0.3871
1383,0.2994,0.671246827,0.3139
1384,0.1652,0.435648322,0.2324
1385,0.012,0.209347382,0.0679
1386,0,0.228019759,0
1387,0,0.536509931,0
1388,0,0.538068175,0
1389,0,0.230950385,0
1390,0,0.169289395,0
1391,0,0.201660678,0
1392,0,0.138939247,0
1393,0,0.036772445,0
1394,0,0.00308613,0
1395,0,0.000706943,0
1396,0,0.001301517,0
1397,0,0.016332004,0
1398,0,0.008077377,0
1399,0,0.019539453,0
1400,0.0741,0.002058651,0.0775
1401,0.3326,0.056036718,0.3077
1402,0.513,0.274677455,0.4897
1403,0.6304,0.325939208,0.6502
1404,0.6421,0.269390732,0.6793
1405,0.6634,0.289349556,0.708
1406,0.6169,0,0.6714
1407,0.5355,0.208825722,0.5738
1408,0.3307,0,0.3691
1409,0.0844,0,0.1219
1410,0,0,0
1411,0,0.291040152,0
1412,0,0.605302572,0
1413,0,0,0
1414,0,0,0
1415,0,0,0
1416,0,0,0
1417,0,0,0
1418,0,0,0
1419,0,0,0
1420,0,0,0
1421,0,0,0
1422,0,0,0
1423,0,0,0
1424,0.0709,0,0.0674
1425,0.2937,0,0.2968
1426,0.4255,0,0.461
1427,0.5184,0,0.5393
1428,0.5122,0,0.4746
1429,0.4839,0.039806731,0.5537
1430,0.4576,0,0.5086
1431,0.4155,0.001499381,0.4354
1432,0.2268,0.00029518,0.2009
1433,0.0106,6.09E-05,0.0005
1434,0,3.58E-05,0
1435,0,4.91E-05,0
1436,0,6.41E-05,0
1437,0,4.74E-05,0
1438,0,4.34E-05,0
1439,0,5.87E-05,0
1440,0,3.65E-05,0
1441,0,5.04E-05,0
1442,0,3.33E-05,0
1443,0,6.57E-05,0
1444,0,6.53E-05,0
1445,0,7.02E-05,0
1446,0,4.94E-05,0
1447,0,1.12E-05,0
1448,0,2.84E-05,0.0017
1449,0.1785,0.000200419,0.2658
1450,0.4377,0.00237218,0.4747
1451,0.5751,0.051822416,0.5178
1452,0.5155,0.056211028,0.4517
1453,0.4923,0.071888499,0.3956
1454,0.4147,0.085337453,0.3687
1455,0.3057,0.076875716,0.2795
1456,0.1433,0.020311095,0.1759
1457,0.0014,0.027379906,0.0297
1458,0,0.016506765,0
1459,0,0.010661581,0
1460,0,0.029216683,0
1461,0,0.01897984,0
1462,0,0.012963274,0
1463,0,0.012143001,0
1464,0,0.00058385,0
1465,0,1.25E-05,0
1466,0,0.000268777,0
1467,0,0.000301618,0
1468,0,0.005135396,0
1469,0,0.003235959,0
1470,0,0.004908995,0
1471,0,0.003336316,0
1472,0.0727,0.003471117,0.0684
1473,0.3305,0.004270801,0.3375
1474,0.5087,0.008132322,0.517
1475,0.6255,0.081011914,0.636
1476,0.6438,0.112119257,0.6664
1477,0.6342,0.031323094,0.6641
1478,0.6073,0.030429002,0.6386
1479,0.4905,0.007816003,0.5212
1480,0.3167,0.013387572,0.3481
1481,0.0647,0,0.1059
1482,0,0,0
1483,0,0,0
1484,0,0,0
1485,0,0,0
1486,0,0.000321551,0
1487,0,0.008571428,0
1488,0,0.023775127,0
1489,0,0.007332826,0
1490,0,0.009890662,0
1491,0,0.010256416,0
1492,0,0.00962998,0
1493,0,0.006760235,0
1494,0,0.008187366,0
1495,0,0.006208578,0
1496,0.0732,0.000949961,0.0626
1497,0.3249,0.00813111,0.3298
1498,0.5055,0.023034059,0.5071
1499,0.6259,0.036741018,0.6188
1500,0.6462,0.018753242,0.6542
1501,0.6498,0.014817446,0.6549
1502,0.6233,0.001068622,0.6278
1503,0.4959,0.000394323,0.4984
1504,0.2951,0.000163447,0.3003
1505,0.0327,1.68E-05,0.0558
1506,0,5.27E-05,0
1507,0,0.001216543,0
1508,0,0.002289178,0
1509,0,0.004496836,0
1510,0,0.014883439,0
1511,0,0.026143538,0
1512,0,0.039016221,0
1513,0,0.196855649,0
1514,0,0.07997895,0
1515,0,0.085180894,0
1516,0,0.098656289,0
1517,0,0.141046807,0
1518,0,0.15791139,0
1519,0,0.149105087,0
1520,0,0.101002522,0
1521,0.2772,0.168160841,0.288
1522,0.4703,0.459758073,0.4637
1523,0.5945,0.730826378,0.5536
1524,0.6074,0.920655966,0.6065
1525,0.6058,0.900399923,0.579
1526,0.573,0.830963373,0.5484
1527,0.4695,0.834859908,0.4642
1528,0.2946,0.530247152,0.3147
1529,0.0015,0.257003456,0.0484
1530,0,0.073373519,0
1531,0,0.013176475,0
1532,0,0.000357268,0
1533,0,0,0
1534,0,0,0
1535,0,0,0
1536,0,0.000295655,0
1537,0,1.83E-05,0
1538,0,0,0
1539,0,0,0
1540,0,0,0
1541,0,0,0
1542,0,0,0
1543,0,0.000799759,0
1544,0,0.00032822,0
1545,0.1029,0,0.0745
1546,0.2427,0,0.2522
1547,0.3353,5.05E-06,0.3334
1548,0.3693,0,0.3485
1549,0.321,0,0.3388
1550,0.2798,0,0.3379
1551,0.2887,6.15E-05,0.3133
1552,0.1717,0.000322065,0.1924
1553,0,0.000258478,0
1554,0,0.000254347,0
1555,0,0.00095264,0
1556,0,0.001598039,0
1557,0,0.002736128,0
1558,0,0.004819703,0
1559,0,0.002815315,0
1560,0,0.001111662,0
1561,0,0.004619826,0
1562,0,0.013734495,0
1563,0,0.006075219,0
1564,0,0.005867018,0
1565,0,0.006454244,0
1566,0,0.001825185,0
1567,0,0.017288091,0
1568,0,0.000526794,0
1569,0.1982,0.000747612,0.2372
1570,0.3702,0.005186242,0.443
1571,0.4604,0.019555334,0.5472
1572,0.5011,0.017807115,0.5775
1573,0.5173,0.012719838,0.5742
1574,0.5058,0.156649753,0.4846
1575,0.3876,0.307089061,0.3915
1576,0.1969,0.214498192,0.2302
1577,0,0.2281041,0.0021
1578,0,0.112953909,0
1579,0,0.059126329,0
1580,0,0.007401282,0
1581,0,0.014012869,0
1582,0,0.00549963,0
1583,0,3.54E-06,0
1584,0,0.031184454,0
1585,0,0.059124026,0
1586,0,0.079677746,0
1587,0,0.066642232,0
1588,0,0.038001623,0
1589,0,0.078255944,0
1590,0,0.041557591,0
1591,0,0.033567775,0
1592,0,0.013971851,0
1593,0.2668,0.019223142,0.2687
1594,0.4708,0.029227782,0.4733
1595,0.5885,0.169650957,0.5933
1596,0.5494,0.348233074,0.5518
1597,0.5991,0.438930571,0.6187
1598,0.5673,0.351334214,0.623
1599,0.483,0.403092742,0.5108
1600,0.3013,0.522940397,0.3315
1601,0.0001,0.347989529,0.0373
1602,0,0.042578425,0
1603,0,0.128508881,0
1604,0,0.185722023,0
1605,0,0.259771824,0
1606,0,0.426333785,0
1607,0,0.311244607,0
1608,0,0.213788033,0
1609,0,0.360295653,0
1610,0,0.153321177,0
1611,0,0.06624119,0
1612,0,0.041442599,0
1613,0,0.029058078,0
1614,0,8.44E-05,0
1615,0,0.000482521,0
1616,0,0,0
1617,0.1993,0.000641594,0.1787
1618,0.38,0.036998596,0.3826
1619,0.4883,0.103658676,0.4539
1620,0.5493,0.093477517,0.5053
1621,0.5521,0.057065763,0.4578
1622,0.5214,0.012270316,0.4155
1623,0.4105,0.01702342,0.375
1624,0.2423,0.003028527,0.2447
1625,0,0.030110713,0.0002
1626,0,0.011046975,0
1627,0,0.022840384,0
1628,0,0.019630214,0
1629,0,0.097961478,0
1630,0,0.112173602,0
1631,0,0.101782739,0
1632,0,0.110446163,0
1633,0,0.068983518,0
1634,0,0.144262925,0
1635,0,0.205671966,0
1636,0,0.257281125,0
1637,0,0.289213091,0
1638,0,0.253973126,0
1639,0,0.271025538,0
1640,0,0.213243261,0
1641,0.2168,0.236492172,0.2371
1642,0.3862,0.201613888,0.3842
1643,0.4511,0.150109321,0.4481
1644,0.4476,0.162102938,0.4967
1645,0.4533,0.125036791,0.4988
1646,0.437,0.056647908,0.4838
1647,0.4112,0.108449601,0.4464
1648,0.275,0.085936442,0.2983
1649,0,0.131815821,0.0032
1650,0,0.096837506,0
1651,0,0.047658637,0
1652,0,0.078504041,0
1653,0,0.071076289,0
1654,0,0.116672114,0
1655,0,0.13537927,0
1656,0,0.123699278,0
1657,0,0.076558188,0
1658,0,0.080270179,0
1659,0,0.086002328,0
1660,0,0.048127584,0
1661,0,0.01575792,0
1662,0,0.012967503,0
1663,0,0.002141553,0
1664,0,0.0030981,0
1665,0.1184,0.000234923,0.0845
1666,0.2778,0.000373551,0.2591
1667,0.3585,0,0.3346
1668,0.3238,0.015729198,0.3968
1669,0.3411,0.018590601,0.3904
1670,0.3405,0.091118015,0.4161
1671,0.286,0.052068722,0.324
1672,0.1028,0.131338283,0.1612
1673,0,0.101284891,0.0001
1674,0,0.095428444,0
1675,0,0.086883761,0
1676,0,0.132991686,0
1677,0,0.205821633,0
1678,0,0.074472994,0
1679,0,0.165889025,0
1680,0,0.160590693,0
1681,0,0.948060751,0
1682,0,0.968795002,0
1683,0,0.920570195,0
1684,0,0.915033162,0
1685,0,0.93106705,0
1686,0,0.964147449,0
1687,0,0.865228295,0
1688,0,0.630746245,0
1689,0.0047,0.548930883,0.0012
1690,0.0927,0.839797556,0.1535
1691,0.4885,0.626507342,0.4988
1692,0.2045,0.406345069,0.2217
1693,0.2195,0.422324628,0.2522
1694,0.2344,0.390160412,0.208
1695,0.1627,0.215015948,0.161
1696,0.0863,0.251458287,0.0739
1697,0,0.403544754,0
1698,0,0.524721861,0
1699,0,0.417192131,0
1700,0,0.29080385,0
1701,0,0.508419752,0
1702,0,0.613990784,0
1703,0,0.755406201,0
1704,0,0.76316303,0
1705,0,0.89406544,0
1706,0,0.905935585,0
1707,0,0.973092675,0
1708,0,0.858394384,0
1709,0,0.888274908,0
1710,0,0.828928947,0
1711,0,0.893690944,0
1712,0,0.863422811,0
1713,0.0207,0.591598213,0.0011
1714,0.0515,0.425245762,0.1093
1715,0.1372,0.16295065,0.239
1716,0.234,0.0406061,0.3622
1717,0.3238,0.007073462,0.446
1718,0.3697,0.026672075,0.4443
1719,0.2723,0.036231555,0.358
1720,0.1336,0.104993083,0.2271
1721,0,0.002954858,0.0015
1722,0,5.17E-05,0
1723,0,0.231597468,0
1724,0,0.02157902,0
1725,0,0.785671294,0
1726,0,0.773067832,0
1727,0,0.930281758,0
1728,0,0.912500381,0
1729,0,0.991850436,0
1730,0,0.997183025,0
1731,0,0.998820007,0
1732,0,0.988576114,0
1733,0,0.987490177,0
1734,0,0.966065586,0
1735,0,0.966192782,0
1736,0,0.992122948,0
1737,0.131,0.99207449,0.1541
1738,0.3268,0.985871851,0.4076
1739,0.4726,0.912636936,0.4867
1740,0.4975,1,0.502
1741,0.466,1,0.4856
1742,0.4577,1,0.4776
1743,0.3858,1,0.4049
1744,0.2499,1,0.2799
1745,0.0011,0.999357283,0.0142
1746,0,0.973172128,0
1747,0,0.988195121,0
1748,0,0.753647685,0
1749,0,0.903469324,0
1750,0,0.855964899,0
1751,0,0.965489328,0
1752,0,0.518625796,0
1753,0,0.404243648,0
1754,0,0.955841482,0
1755,0,0.902587056,0
1756,0,0.833757401,0
1757,0,0.595389485,0
1758,0,0.507802248,0
1759,0,0.492616057,0
1760,0,0.583466828,0
1761,0.2102,0.0049446,0.2145
1762,0.4132,0.023828983,0.43
1763,0.5376,0.00051596,0.588
1764,0.5974,0.003811433,0.6619
1765,0.5731,0.004492204,0.6333
1766,0.4995,0.04070691,0.5888
1767,0.3932,0.025645019,0.3718
1768,0.1858,0.148547709,0.1745
1769,0,0.032718968,0
1770,0,0.301874906,0
1771,0,0.388644904,0
1772,0,0.507278144,0
1773,0,0.485150129,0
1774,0,0.5977,0
1775,0,0.777572513,0
1776,0,0.905500472,0
1777,0,0.918302298,0
1778,0,0.93642807,0
1779,0,0.980234683,0
1780,0,0.997672081,0
1781,0,0.997290134,0
1782,0,0.997363389,0
1783,0,1,0
1784,0,1,0
1785,0,1,0.0001
1786,0.0446,1,0.0558
1787,0.0583,1,0.0287
1788,0.0588,0.997597039,0.065
1789,0.0315,1,0.0339
1790,0.0289,1,0.2606
1791,0.1648,0.990978003,0.383
1792,0.285,0.932233751,0.2594
1793,0,1,0
1794,0,0.868762195,0
1795,0,0.655033052,0
1796,0,0.466116309,0
1797,0,0.808867455,0
1798,0,0.259511918,0
1799,0,0.330851376,0
1800,0,0.520800292,0
1801,0,0.637001514,0
1802,0,0.550767601,0
1803,0,0.509570956,0
1804,0,0.708533406,0
1805,0,0.85241431,0
1806,0,0.992044389,0
1807,0,0.576828361,0
1808,0,0.499022454,0
1809,0.0978,0.734134138,0.0935
1810,0.2792,0.998327315,0.2962
1811,0.4105,1,0.4065
1812,0.4492,1,0.4214
1813,0.4963,1,0.43
1814,0.4878,1,0.4406
1815,0.4023,1,0.3807
1816,0.2639,1,0.2685
1817,0.0209,0.998755574,0.0563
1818,0,0.877889574,0
1819,0,0.882909715,0
1820,0,0.950754344,0
1821,0,0.974348128,0
1822,0,1,0
1823,0,0.994307339,0
1824,0,0.99816674,0
1825,0,0.991348386,0
1826,0,0.9349401,0
1827,0,0.895884573,0
1828,0,0.905766428,0
1829,0,0.955079734,0
1830,0,0.985930979,0
1831,0,0.937855124,0
1832,0,0.827365756,0
1833,0.2274,0.673906088,0.189
1834,0.4451,0.525920928,0.346
1835,0.5487,0.250736058,0.4271
1836,0.5288,0.346493572,0.4127
1837,0.4508,0.175522581,0.4253
1838,0.4375,0.151652679,0.4323
1839,0.3749,0.26580295,0.3965
1840,0.2477,0.76519984,0.3089
1841,0.0342,0.561110258,0.0853
1842,0,0.201530188,0
1843,0,0.469632506,0
1844,0,0.65647018,0
1845,0,0.907784522,0
1846,0,0.838078797,0
1847,0,0.612954617,0
1848,0,0.935695052,0